_id,companyId,title,department,modality,publishUntil,status,createdAt,country,geographicDepartment,jobType,verificationStatus,isExternalOffer,externalCompanyName,professionalArea
6912191b74d1880032cff34f,69120eb074d1880032cff302,Practicante Comercial Ecommerce,Equivo de Ventas,presencial,2025-11-11,CLOSED,2025-11-10 16:55:55.029,,,,,,,"Comercial, Ventas y Desarrollo de Negocios"
692797626dc39bf20c52f60f,692790216dc39bf20c52f5f5,Practicante de Growth & Experimentos de Producto | Full Time,Área de Marketing,híbrido,2025-12-20,CLOSED,2025-11-27 00:12:18.476,,,,,,,"Marketing, Publicidad y Comunicación"
69279ce46dc39bf20c52f61c,692790216dc39bf20c52f5f5,Practicante de Marketing y Contenido Orgánico | Full Time,Área de Marketing,híbrido,2025-12-20,CLOSED,2025-11-27 00:35:48.105,,,,,,,"Marketing, Publicidad y Comunicación"
69279ddf6dc39bf20c52f62f,692790216dc39bf20c52f5f5,Asesor Comercial B2B de Software | Part Time,Área de Ventas / Comercial,híbrido,2025-12-20,CLOSED,2025-11-27 00:39:59.268,,,,,,,"Comercial, Ventas y Desarrollo de Negocios"
69279f586dc39bf20c52f64b,692790216dc39bf20c52f5f5,Trafficker Digital | Full Time,Área de Marketing,híbrido,2025-12-20,CLOSED,2025-11-27 00:46:16.849,,,,,,,"Marketing, Publicidad y Comunicación"
692f5830aafd375d6d269ffb,692f56d3aafd375d6d269ff1,Ejecutivo Comercial Junior (Outbound),Commercial Squad,híbrido,2026-06-30,CLOSED,2025-12-02 21:20:48.726,Perú,Lima,PRACTICE,,,,Otros
693da1d03d5cc7809ad5600c,693da1713d5cc7809ad56001,Practicante,Marketing,presencial,2025-12-21,CLOSED,2025-12-13 17:26:40.298,,,,,,,"Marketing, Publicidad y Comunicación"
69456d6cc8f58b252bb6be52,694567c6c8f58b252bb6be38,Desarrollador/a Frontend Jr,Tecnología / Desarrollo de Software,presencial,2025-12-20,CLOSED,2025-12-19 15:21:16.134,,,,,,,"Tecnología, Sistemas y Telecomunicaciones"
69458be7c8f58b252bb6c1a0,694589acc8f58b252bb6c0e0,Desarrollador Web Junior,Tecnología / Sistemas,presencial,2026-02-28,CLOSED,2025-12-19 17:31:19.033,,,,,,,"Tecnología, Sistemas y Telecomunicaciones"
69458f4cc8f58b252bb6c1f2,69458d62c8f58b252bb6c1cf,Auxiliar Administrativo (Prueba),Administración,presencial,2025-12-31,CLOSED,2025-12-19 17:45:48.799,,,,,,,"Administración, Contabilidad y Finanzas"
6945949cc8f58b252bb6c353,6945940ac8f58b252bb6c317,Desarrollador web,Ti,presencial,2026-01-10,CLOSED,2025-12-19 18:08:28.591,,,,,,,Otros
694700691bbcac95cc041e58,694700101bbcac95cc041e50,Desarrollador Junior de Software,Tecnología / Desarrollo de Software,presencial,2025-12-30,CLOSED,2025-12-20 20:00:41.784,,,,,,,"Tecnología, Sistemas y Telecomunicaciones"
694962dc030869e82bfa9d70,6940620dc3a38b5aa2b79d47,Ayudante de Cocina,Departamento de Cocina,presencial,2026-01-22,CLOSED,2025-12-22 15:25:16.503,,,,,,,"Gastronomía, Hotelería y Turismo"
694aa466bc9d706db2d17481,694aa0dfbc9d706db2d17468,TECNICO ELECTRICISTA,,presencial,2025-12-29,CLOSED,2025-12-23 14:17:10.513,,,,,,,Otros
694c2433d2c9099891aebefe,694c224bd2c9099891aebef6,Analista de Marketing Digital Senior,Marketing y Comunicación,híbrido,2025-12-31,CLOSED,2025-12-24 17:34:43.390,,,,,,,"Marketing, Publicidad y Comunicación"
694f54b7a00c93fb63efd208,694f27f9a00c93fb63efd1ca,Auxiliar de Digitalización y Organización de Datos,Operaciones / Tecnología Básica,híbrido,2026-01-16,CLOSED,2025-12-27 03:38:31.499,,,,,,,"Producción, Manufactura y Operaciones"
6951a5f4c1495a0c803762e3,6951a182c1495a0c80376290,Diseñador(a) industrial,Proyectos,presencial,2026-04-10,CLOSED,2025-12-28 21:49:40.606,Perú,Lima,TRAINEE,,,,Otros
695aaf697d81350ece8d2bda,6951a182c1495a0c80376290,Practicante pre profesional programación,Mantenimiento,híbrido,2026-02-26,CLOSED,2026-01-04 18:20:25.861,Perú,Áncash,JUNIOR,,,,Mantenimiento y Reparaciones Técnicas
6961424db045cb8f35aad40c,6912a0df74d1880032cff5ad,Test,Innovación Tecnológica • Transformación Digital • Ética en IA,presencial,2026-01-25,CLOSED,2026-01-09 18:00:45.502,,,,,,,Otros
6964f2de292bf032934e80ce,6900249fdb711f0cddea3ce6,Diseño de Desarrollo de Software,Tecnología,remoto,2026-01-15,CLOSED,2026-01-12 13:10:54.995,,,,,,,"Tecnología, Sistemas y Telecomunicaciones"
6964fcfe6f47d400d63355e7,692f56d3aafd375d6d269ff1,Business Development & Talent Success Manager,Squad Comercial,híbrido,2026-04-11,CLOSED,2026-01-12 13:54:06.114,Perú,Lima,TRAINEE,,,,"Comercial, Ventas y Desarrollo de Negocios"
6966af272a1422dcee256382,692790216dc39bf20c52f5f5,Practicante Pre de Marketing,Área de Marketing,presencial,2026-01-15,CLOSED,2026-01-13 20:46:31.628,,,,,,,"Marketing, Publicidad y Comunicación"
69714d95e4f81e18f9196c52,69714c70e4f81e18f9196c3f,Asistente de Implementación Digital,Marketing Digital · Transformación Digital · Negocios Digitales,remoto,2026-02-01,CLOSED,2026-01-21 22:05:09.595,,,,,,,"Comercial, Ventas y Desarrollo de Negocios"
69715c69e4f81e18f9196daf,69715032e4f81e18f9196cb2,Operario de Investigación y Desarrollo (I + D),Investigación y desarrollo · Industrial  · Mecánica,presencial,2026-03-06,CLOSED,2026-01-21 23:08:25.173,Perú,Lima,JUNIOR,,,,Otros
6976a2367af3401857d42891,6976a0827af3401857d4286a,Asistente de Implementación Digital – Rubro Inmobiliario (AD HONOREM),Marketing Digital · Transformación Digital · Negocios Digitales,remoto,2026-02-25,CLOSED,2026-01-25 23:07:34.841,,,,,,,"Comercial, Ventas y Desarrollo de Negocios"
69781ada2804d91b11fa127e,6977eedf2804d91b11fa0e46,Counter para Veterinaria en Miraflores,Atención al Cliente,presencial,2026-02-28,CLOSED,2026-01-27 01:54:34.649,Perú,,,,,,Otros
69792b99b091f4fd95fc1109,697927bfb091f4fd95fc10ba,Especialista DATA SCIENCE,Data · Data Science · Big Data,presencial,2026-02-21,CLOSED,2026-01-27 21:18:17.310,Perú,Lima,SENIOR,,,,Otros
69858882c457c1e0ea2a2062,697ac812785dcaccfa78e732,Test,,presencial,2026-03-30,CLOSED,2026-02-06 06:21:55.005,Perú,Lima,JUNIOR,,,,Otros
698d0ecd0942cd6cf280921e,698d0e460942cd6cf280920c,Asistente de Marketing,Comunicaciones,presencial,2026-03-16,CLOSED,2026-02-11 23:20:45.357,Perú,Lima,JUNIOR,,,,"Marketing, Publicidad y Comunicación"
698d47bf0942cd6cf280959e,697ac812785dcaccfa78e732,Test,,presencial,2026-03-30,CLOSED,2026-02-12 03:23:43.253,Perú,Lima,INTERNSHIP,,,,Otros
699504acac70117a31a14075,698d1f7a0942cd6cf28093ac,Ejecutivo Comercial Junior (Outbound),Comercial,híbrido,2026-03-09,CLOSED,2026-02-18 00:15:40.436,Perú,Lima,TRAINEE,,,,"Comercial, Ventas y Desarrollo de Negocios"
699910a6406cd5a7ed2a418d,697ac812785dcaccfa78e732,Test,,presencial,2026-03-30,CLOSED,2026-02-21 01:55:50.401,Perú,Lima,PRACTICE,APPROVED,,,Otros
699cb82c9f413832731dfdb7,699cb4b59f413832731dfd14,Asistente comercial,Gerencia,remoto,2026-03-08,CLOSED,2026-02-23 20:27:24.851,Perú,,JUNIOR,NOT_STARTED,,,Otros
699d2f3f1098f169ac6b959f,699d2e941098f169ac6b9544,Prueba,Tecnología de la Información,presencial,2026-02-26,CLOSED,2026-02-24 04:55:27.814,Perú,,TRAINEE,NOT_STARTED,,,"Tecnología, Sistemas y Telecomunicaciones"
699f28d5260c672b7d391a37,698d1f7a0942cd6cf28093ac,Asistente Comercial,Gerencia - SIBI,remoto,2026-02-27,CLOSED,2026-02-25 16:52:37.947,Perú,,JUNIOR,NOT_STARTED,,,Otros
69a21ddd72698b1ef0fc130c,69a21b6572698b1ef0fc120b,FORMULADOR DE NEGOCIOS SOSTENIBLES,Direccion Ejecutiva,híbrido,2026-03-20,CLOSED,2026-02-27 22:42:37.439,Perú,Lima,INTERNSHIP,NOT_STARTED,,,Otros
69a9b3216334fb4b84d8946c,69715032e4f81e18f9196cb2,Operario de Investigación y Desarrollo,Investigación y Desarrollo,presencial,2026-03-19,CLOSED,2026-03-05 16:45:21.567,Perú,Lima,JUNIOR,NOT_STARTED,,,Otros
69b9f20a53a32b8b7f022322,69b5f1900d0d354faca6707a,Practicante Comercial y Marketing Digital,"Audiovisual, Marketing y Ventas",presencial,2026-08-30,CLOSED,2026-03-18 00:30:02.238,Perú,Lima,JUNIOR,NOT_STARTED,,,"Comercial, Ventas y Desarrollo de Negocios"
69c5c1bd40a5850469e222ab,69c5aafa40a5850469e21ebe,EJECUTIVO DE VENTAS/BBVACREDITOS HIPOTECARIO,Ventas,presencial,2026-04-24,CLOSED,2026-03-26 23:31:09.980,Perú,Lima,SENIOR,NOT_STARTED,,,"Comercial, Ventas y Desarrollo de Negocios"
69c9c3f0beff4affd28eb3eb,69a21d1c72698b1ef0fc12a6,Test,,presencial,2026-04-01,CLOSED,2026-03-30 00:29:36.296,Perú,Lima,INTERNSHIP,NOT_STARTED,,,Otros
69d3f1af8a9c1cd0bb4a4f7e,69c5aafa40a5850469e21ebe,Practicante pre profesional de Reclutamiento y Selección,Recursos Humanos,remoto,2026-04-24,CLOSED,2026-04-06 17:47:27.087,,,INTERNSHIP,NOT_STARTED,,,Recursos Humanos y Capacitación
69d5413800e8777484c0fc84,698f9bedc19993625642af84,Prueba,Salud,presencial,2026-04-08,CLOSED,2026-04-07 17:39:04.645,Perú,Lima,INTERNSHIP,PENDING,,,"Salud, Medicina y Farmacia"
69d7c5865481563e0ee2e78a,698fec29c19993625642affa,prueba,,presencial,2026-04-22,CLOSED,2026-04-09 15:28:06.902,Perú,Apurímac,TRAINEE,NOT_STARTED,,,Otros
69d7d6a35481563e0ee2e909,698f9bedc19993625642af84,dfghjkl,,híbrido,2026-04-10,CLOSED,2026-04-09 16:41:07.206,Perú,Lima,PRACTICE,PENDING,,,Otros
69e66e84239f20d09d977811,69e66844239f20d09d9774a6,Asesor (a) comercial de seguros de Vida,Asesor Comercial,presencial,2026-05-10,CLOSED,2026-04-20 18:20:52.591,Perú,Lima,SENIOR,NOT_STARTED,,,"Comercial, Ventas y Desarrollo de Negocios"
69ecfb23d20f4a0acbfe7d2f,69ecf13ed20f4a0acbfe7c5f,Creador(a) de Contenido Audiovisual,"Marketing, Publicidad",presencial,2026-05-23,CLOSED,2026-04-25 17:34:27.956,Perú,Lima,SENIOR,NOT_STARTED,,,"Marketing, Publicidad y Comunicación"
69f67ac1b4b12206613dcc62,69f67313b4b12206613dcb44,Asistente de Marketing,Marketing,remoto,2026-05-16,CLOSED,2026-05-02 22:29:21.944,Perú,Lima,TRAINEE,NOT_STARTED,,,"Marketing, Publicidad y Comunicación"
6a03c7f7f17c40a03586fad2,6a03b634f17c40a03586f7b4,Desarrollador Junior — Visión Computacional e IA,Tecnología / Inteligencia Artificial,presencial,2026-05-26,CLOSED,2026-05-13 00:38:15.721,Perú,Lima,JUNIOR,NOT_STARTED,,,"Tecnología, Sistemas y Telecomunicaciones"
6a09ddfd5edb773a55660607,69ecf13ed20f4a0acbfe7c5f,Asistente de Ventas - INTEX,Ventas/Comercial,presencial,2026-06-18,CLOSED,2026-05-17 15:25:49.456,Perú,Lima,JUNIOR,NOT_STARTED,,,"Comercial, Ventas y Desarrollo de Negocios"
6a0b43105edb773a55662799,6a0b41085edb773a55662749,Asesor Comercial | Impulso León,Ventas/Comercial,presencial,2026-06-14,CLOSED,2026-05-18 16:49:20.745,Perú,Lima,JUNIOR,NOT_STARTED,,,"Comercial, Ventas y Desarrollo de Negocios"
6a10a3324265e93766b538ef,69ecf13ed20f4a0acbfe7c5f,Creador(a) de Contenido Audiovisual,"Marketing, Publicidad",presencial,2026-05-27,CLOSED,2026-05-22 18:40:50.557,Perú,Lima,SENIOR,NOT_STARTED,,,"Marketing, Publicidad y Comunicación"
6a29c7da91048afa30293b20,697cb60dfbd83ca7a769bc79,test,,presencial,2026-06-12,CLOSED,2026-06-10 20:23:54.136,Perú,Amazonas,INTERNSHIP,NOT_STARTED,,,Otros
6a322db504845a0f4ea75f42,69ecf13ed20f4a0acbfe7c5f,Full Stack de Contenido Digital Intex + Media Ads,Marketing / Contenido,presencial,2026-07-31,CLOSED,2026-06-17 05:16:37.564,Perú,Lima,SENIOR,NOT_STARTED,,,"Marketing, Publicidad y Comunicación"
6a3f6dd03a4008f2d072a654,None,People Analytics Jr Analyst,Tecnología,remoto,2026-07-11,CLOSED,2026-06-27 06:29:36.485,,,JUNIOR,NOT_STARTED,True,Interbank,"Tecnología, Sistemas y Telecomunicaciones"
6a3f6fb23a4008f2d072a683,None,Consultor(a) de Strategy & Business Design – Deloitte,,presencial,2026-07-01,CLOSED,2026-06-27 06:37:38.776,,,JUNIOR,NOT_STARTED,True,Deloitte,Otros
6a3f70ea3a4008f2d072a6b4,None,Especialista en Automatización CRM & IA – Inkshape Group,Marketing,híbrido,2026-07-11,CLOSED,2026-06-27 06:42:50.752,,,JUNIOR,NOT_STARTED,True,inkshape group e.i.r.l.,"Marketing, Publicidad y Comunicación"
6a3f72743a4008f2d072a6e6,None,Diseñador Gráfico,Diseño Gráfico,remoto,2026-07-06,CLOSED,2026-06-27 06:49:24.457,,,JUNIOR,NOT_STARTED,True,gl tracker sur sociedad anonima cerrada,Diseño y Artes Gráficas
6a40a13704c8a3f179a74547,None,Category Sales Intern,Tecnología,híbrido,2026-07-02,CLOSED,2026-06-28 04:21:11.973,,Lima,TRAINEE,NOT_STARTED,True,hp,"Tecnología, Sistemas y Telecomunicaciones"
6a40a25504c8a3f179a74575,None,Practicante Profesional de Compras (Servicios),Servicios,híbrido,2026-07-13,CLOSED,2026-06-28 04:25:57.083,,Lima,TRAINEE,NOT_STARTED,True,Corporación Aceros Arequipa,Otros
6a40a72204c8a3f179a745a6,None,Practicante de Riesgo y Seguridad de la Información,,presencial,2026-08-25,OPEN,2026-06-28 04:46:26.774,,,TRAINEE,NOT_STARTED,True,Izipay,Otros
6a45037f7c5bbe7a0cc2732c,None,Practicante de Cobranzas,Contabilidad,presencial,2026-07-31,CLOSED,2026-07-01 12:09:35.819,Perú,Lima,INTERNSHIP,NOT_STARTED,True,Mapfre,"Administración, Contabilidad y Finanzas"
6a4505ac7c5bbe7a0cc27492,None,Practicante de Marketing,Marketing,presencial,2026-07-18,CLOSED,2026-07-01 12:18:52.327,,Lima,INTERNSHIP,NOT_STARTED,True,CRP Radios,"Marketing, Publicidad y Comunicación"
6a450d8f7c5bbe7a0cc275fa,None,Practicante de Subsidios,Contabilidad,presencial,2026-07-25,CLOSED,2026-07-01 12:52:31.580,,Lima,INTERNSHIP,NOT_STARTED,True,Cencosud Perú S.A.,"Administración, Contabilidad y Finanzas"
6a4511f07c5bbe7a0cc277e5,None,Practicante de Ciberseguridad,Tecnología,presencial,2026-07-25,CLOSED,2026-07-01 13:11:12.791,,Lima,INTERNSHIP,NOT_STARTED,True,Bitel,"Tecnología, Sistemas y Telecomunicaciones"
6a45136d7c5bbe7a0cc27952,None,Practicante de Contabilidad,Contabilidad,híbrido,2026-07-25,CLOSED,2026-07-01 13:17:33.831,,Lima,INTERNSHIP,NOT_STARTED,True,CARTAVIO RUM COMPANY S.A.C.,"Administración, Contabilidad y Finanzas"
6a454f4e27fbd6a55410b802,None,Practicante de Contabilidad,Contabilidad,híbrido,2026-07-11,CLOSED,2026-07-01 17:33:03.003,Perú,Lima,INTERNSHIP,NOT_STARTED,True,Santander Perú,"Administración, Contabilidad y Finanzas"
6a45523527fbd6a55410b975,None,Practicante de SST,SST,presencial,2026-07-31,CLOSED,2026-07-01 17:45:25.400,,La Libertad,INTERNSHIP,NOT_STARTED,True,CARTAVIO RUM COMPANY S.A.C.,Otros
6a45558027fbd6a55410bde4,None,Practicante Comercial - Trujillo,Comercial,híbrido,2026-07-18,CLOSED,2026-07-01 17:59:28.986,,La Libertad,INTERNSHIP,NOT_STARTED,True,Pacífico EPS,"Comercial, Ventas y Desarrollo de Negocios"
6a4556df27fbd6a55410c0eb,None,Practicante de Contabilidad,Contabilidad,presencial,2026-07-18,CLOSED,2026-07-01 18:05:19.386,,Arequipa,INTERNSHIP,NOT_STARTED,True,MEXICHEM PERÚ S.A.,"Administración, Contabilidad y Finanzas"
6a4557de27fbd6a55410c2e2,None,Practicante Pre-Profesional de Administración,Administración,presencial,2026-07-20,CLOSED,2026-07-01 18:09:34.460,,Arequipa,INTERNSHIP,NOT_STARTED,True,Bureau Veritas del Peru SA,"Administración, Contabilidad y Finanzas"
6a4558d427fbd6a55410c462,None,Practicante de Laboratorio Químico Metalúrgico,Metalurgia,presencial,2026-07-12,CLOSED,2026-07-01 18:13:40.410,,Arequipa,INTERNSHIP,NOT_STARTED,True,Grupo La Joya,Otros
6a455a7027fbd6a55410c5e4,None,Practicante de Comunicación Interna,Comunicación,presencial,2026-07-13,CLOSED,2026-07-01 18:20:32.129,,Arequipa,INTERNSHIP,NOT_STARTED,True,Caja Arequipa,"Marketing, Publicidad y Comunicación"
6a455d2e27fbd6a55410c76d,None,Practicante de Gestión Humana (Transformación Digital),Recursos Humanos,presencial,2026-07-11,CLOSED,2026-07-01 18:32:14.722,,Arequipa,INTERNSHIP,NOT_STARTED,True,Grupo La Joya,Recursos Humanos y Capacitación
6a455de627fbd6a55410c8f5,None,Practicante de Gestión Humana (Desarrollo Organizacional),Recursos Humanos,presencial,2026-07-11,CLOSED,2026-07-01 18:35:18.564,,Arequipa,INTERNSHIP,NOT_STARTED,True,Grupo La Joya,Recursos Humanos y Capacitación
6a455f0c27fbd6a55410ca7e,None,"Practicante de Cobranzas (Administración, Contabilidad, Ing. Industrial, afines)",Contabilidad,presencial,2026-07-11,CLOSED,2026-07-01 18:40:12.730,,Arequipa,INTERNSHIP,NOT_STARTED,True,La Positiva Seguros,"Administración, Contabilidad y Finanzas"
6a45607627fbd6a55410cea6,None,Practicante de Finanzas,Finanzas,presencial,2026-07-25,CLOSED,2026-07-01 18:46:14.138,,Lima,INTERNSHIP,NOT_STARTED,True,Promelsa,"Administración, Contabilidad y Finanzas"
6a45615427fbd6a55410d036,None,Practicante de Planeamiento,Ingeniería Industrial,presencial,2026-07-31,CLOSED,2026-07-01 18:49:56.116,,Lima,INTERNSHIP,NOT_STARTED,True,Bitel,"Producción, Manufactura y Operaciones"
6a45621827fbd6a55410d1ca,None,Practicante de Planeamiento de Mantenimiento,Mecánica,presencial,2026-07-25,CLOSED,2026-07-01 18:53:12.201,,Lima,INTERNSHIP,NOT_STARTED,True,DP World Callao,Otros
6a4562ad27fbd6a55410d35f,None,Practicante de Proyectos,Administración,presencial,2026-07-25,CLOSED,2026-07-01 18:55:41.718,,Lima,INTERNSHIP,NOT_STARTED,True,Bitel,"Administración, Contabilidad y Finanzas"
6a45638a27fbd6a55410d4fa,None,Practicante de Operaciones B2B,Administración e Ingenierías,presencial,2026-07-25,CLOSED,2026-07-01 18:59:22.659,Perú,Lima,PRACTICE,NOT_STARTED,True,Bitel,"Administración, Contabilidad y Finanzas"
6a47200db64bfbb413ef3734,None,Analista de Recursos Humanos – Sector Construcción,Recursos Humanos,presencial,2026-08-31,OPEN,2026-07-03 02:35:57.582,,Lima,SENIOR,NOT_STARTED,True,Diar Ingenieros S.A.,Recursos Humanos y Capacitación
6a4721ebb64bfbb413ef38d6,None,COMMUNITY MANAGER- ECOMMERCE,Comunicación,presencial,2026-08-31,OPEN,2026-07-03 02:43:55.767,,Lima,JUNIOR,NOT_STARTED,True,GOURMET 117,"Marketing, Publicidad y Comunicación"
6a472361b64bfbb413ef3a7c,None,Asistente de Marketing Digital,Marketing,presencial,2026-08-31,OPEN,2026-07-03 02:50:09.873,,Lima,JUNIOR,NOT_STARTED,True,Peru Productos Agricolas,"Marketing, Publicidad y Comunicación"
6a4724ddb64bfbb413ef3c24,None,Practicante Profesional de Comunicación Audiovisual,Comunicación,presencial,2026-08-31,OPEN,2026-07-03 02:56:29.442,,Lima,TRAINEE,NOT_STARTED,True,PONTIFICIA UNIVERSIDAD CATOLICA DEL PERU (PUCP),"Marketing, Publicidad y Comunicación"
6a4725b5b64bfbb413ef3dc8,None,Practicante Pre/Profesional de Comunicación Audiovisual Remoto,E-commerce,remoto,2026-08-02,CLOSED,2026-07-03 03:00:05.834,,Lima,JUNIOR,NOT_STARTED,True,NHL Group,Otros
6a472651b64bfbb413ef3f73,None,Asistente de Operaciones - Ecommerce,E-commerce,híbrido,2026-08-31,OPEN,2026-07-03 03:02:41.826,,Lima,JUNIOR,NOT_STARTED,True,PORTA,Otros
6a472725b64bfbb413ef411d,None,Asistente de Operaciones Ecommerce,Oficios y Profesiones,presencial,2026-08-31,OPEN,2026-07-03 03:06:13.969,,Lima,JUNIOR,NOT_STARTED,True,GRUPO RIPLEY,Otros
6a4727efb64bfbb413ef42ca,None,Asistente de Contenido y Operaciones Ecommerce,E-commerce,híbrido,2026-08-31,OPEN,2026-07-03 03:09:35.259,,Lima,JUNIOR,NOT_STARTED,True,CREPIER,Otros
6a4728a1b64bfbb413ef447e,None,Coordinador de E-Commerce,E-commerce,presencial,2026-08-31,OPEN,2026-07-03 03:12:33.548,,Lima,SENIOR,NOT_STARTED,True,NUTRIPOINT,Otros
6a472adab64bfbb413ef4631,None,Coordinador(a) E-commerce,E-commerce,híbrido,2026-08-31,OPEN,2026-07-03 03:22:02.328,,Lima,SENIOR,NOT_STARTED,True,Grupo El Comercio,Otros
6a472c4ab64bfbb413ef47e7,None,ANALISTA QA,Testing / QA / QC,presencial,2026-08-31,OPEN,2026-07-03 03:28:10.746,,Lima,SENIOR,NOT_STARTED,True,PANDORA TECHNOLOGIES,Otros
6a472ce9b64bfbb413ef49a0,None,Practicante PRO - QA,Testing / QA / QC,híbrido,2026-08-31,OPEN,2026-07-03 03:30:49.029,,Lima,TRAINEE,NOT_STARTED,True,NTT DATA,Otros
6a472eb4b64bfbb413ef4b5a,None,Coordinador de Marketing,Marketing,presencial,2026-08-31,OPEN,2026-07-03 03:38:28.629,,Arequipa,SENIOR,NOT_STARTED,True,PALMA DEL RIO HOLDING INMOBILIARIA SAC,"Marketing, Publicidad y Comunicación"
6a472f89b64bfbb413ef4d23,None,Coordinador de Operaciones,Otros,presencial,2026-08-31,OPEN,2026-07-03 03:42:02.004,,Arequipa,SENIOR,NOT_STARTED,True,SOCOSANI S.A.,Otros
6a4730a9b64bfbb413ef4eea,None,Analista de Impuestos,Impuestos,presencial,2026-08-31,OPEN,2026-07-03 03:46:49.984,,Lima,JUNIOR,NOT_STARTED,True,Compañía Minera Kolpa S.A.,Otros
6a473176b64bfbb413ef50b5,None,Asistente de impuestos,Impuestos,híbrido,2026-08-31,OPEN,2026-07-03 03:50:14.054,,Lima,JUNIOR,NOT_STARTED,True,Laureate Perú,Otros
6a473288b64bfbb413ef5284,None,ANALISTA DE IMPUESTOS - CONTABILIDAD,Impuestos,presencial,2026-08-31,OPEN,2026-07-03 03:54:48.903,,Callao,SENIOR,NOT_STARTED,True,Ajinomoto del Perú S.A.,Otros
6a47335cb64bfbb413ef5455,None,Supervisor de Marketing,Marketing,presencial,2026-08-31,OPEN,2026-07-03 03:58:20.763,,Callao,SENIOR,NOT_STARTED,True,Ajinomoto del Perú S.A.,"Marketing, Publicidad y Comunicación"
6a473438b64bfbb413ef5626,None,Asistente de Almacén | Lima,Almacen,presencial,2026-08-31,OPEN,2026-07-03 04:02:00.010,,Lima,JUNIOR,NOT_STARTED,True,Geotec S.A.,"Logística, Abastecimiento y Transporte"
6a47351fb64bfbb413ef5bac,None,Asistente de Almacén - Part Time / LIMA,Almacen,presencial,2026-08-31,OPEN,2026-07-03 04:05:51.699,,Lima,JUNIOR,NOT_STARTED,True,TCONTAKTO SAC,"Logística, Abastecimiento y Transporte"
6a4735cbb64bfbb413ef5d80,None,OPERADOR DE MONTACARGAS - ATE,Almacen,presencial,2026-08-31,OPEN,2026-07-03 04:08:43.632,,Lima,JUNIOR,NOT_STARTED,True,Backus,"Logística, Abastecimiento y Transporte"
6a473661b64bfbb413ef5f5d,None,Gestor/a de Convenios - Lima,Comercial,presencial,2026-08-31,OPEN,2026-07-03 04:11:13.851,,Lima,JUNIOR,NOT_STARTED,True,BANCO PICHINCHA,"Comercial, Ventas y Desarrollo de Negocios"
6a4736c5b64bfbb413ef6137,None,Ejecutivo(a) de Ventas Culqi / Planilla BCP / Lima Sur,Comercial,presencial,2026-08-31,OPEN,2026-07-03 04:12:53.085,,Lima,JUNIOR,NOT_STARTED,True,ManpowerGroup,"Comercial, Ventas y Desarrollo de Negocios"
6a473774b64bfbb413ef6314,None,ASESOR COMERCIAL DIGITAL- RUBRO AUTOMOTRIZ,Comercial,presencial,2026-08-31,OPEN,2026-07-03 04:15:48.421,,Lima,JUNIOR,NOT_STARTED,True,Grupo Euromotors,"Comercial, Ventas y Desarrollo de Negocios"
6a473803b64bfbb413ef64f4,None,LIDER COMERCIAL - LIMA,Ventas,presencial,2026-08-31,OPEN,2026-07-03 04:18:11.936,,Lima,SENIOR,NOT_STARTED,True,Oechsle,"Comercial, Ventas y Desarrollo de Negocios"
6a47b1db759396216b6e8348,None,Programa Trainee Banca de Corporaciones y Empresas,Corporaciones,híbrido,2026-09-22,OPEN,2026-07-03 12:58:03.433,,Lima,TRAINEE,NOT_STARTED,True,Banco de Crédito del Perú,Otros
6a47b31f759396216b6e852e,None,Practicante Pre Profesional de Comunicación Interna,Comunicaciones,híbrido,2026-07-08,CLOSED,2026-07-03 13:03:27.716,,Lima,TRAINEE,NOT_STARTED,True,Alicorp,"Marketing, Publicidad y Comunicación"
6a47b75e759396216b6e87ca,None,Practicante Profesional Comercial,Administración,presencial,2026-07-18,CLOSED,2026-07-03 13:21:34.655,,Lima,INTERNSHIP,NOT_STARTED,True,Bitel,"Administración, Contabilidad y Finanzas"
6a47b7c9759396216b6e89ba,None,Practicante Profesional de Producto,Administración,presencial,2026-08-15,OPEN,2026-07-03 13:23:21.465,,Lima,INTERNSHIP,NOT_STARTED,True,Bitel,"Administración, Contabilidad y Finanzas"
6a47b831759396216b6e8bae,None,Practicante de Ciberseguridad,Tecnología,presencial,2026-07-11,CLOSED,2026-07-03 13:25:05.615,,Lima,INTERNSHIP,NOT_STARTED,True,Bitel,"Tecnología, Sistemas y Telecomunicaciones"
6a47ba0e759396216b6e8fa8,None,Practicante Profesional de Ingeniería telecomunicaciones/Electrónica (DWDM),Tecnología,presencial,2026-07-11,CLOSED,2026-07-03 13:33:02.324,,Lima,INTERNSHIP,NOT_STARTED,True,Bitel,"Tecnología, Sistemas y Telecomunicaciones"
6a47bb75759396216b6e9323,None,Practicante de Compras,Administración,presencial,2026-07-13,CLOSED,2026-07-03 13:39:01.210,,Lima,INTERNSHIP,NOT_STARTED,True,Grupo Tawa,"Administración, Contabilidad y Finanzas"
6a47bc12759396216b6e97c4,None,Practicante de Transformación Digital,Tecnología,híbrido,2026-07-12,CLOSED,2026-07-03 13:41:38.743,,Lima,INTERNSHIP,NOT_STARTED,True,Sonda,"Tecnología, Sistemas y Telecomunicaciones"
6a47bca8759396216b6e9b12,None,Practicante Profesional SAR,Administración,presencial,2026-07-18,CLOSED,2026-07-03 13:44:08.088,,Lima,INTERNSHIP,NOT_STARTED,True,UNIVERSIDAD ANTONIO RUIZ DE MONTOYA,"Administración, Contabilidad y Finanzas"
6a47bd52759396216b6e9d14,None,PRACTICANTE DE MEJORA CONTINUA,Administración e Ingenierías,presencial,2026-07-20,CLOSED,2026-07-03 13:46:58.730,,Lima,INTERNSHIP,NOT_STARTED,True,ABBOTT,"Administración, Contabilidad y Finanzas"
6a47bdb2759396216b6e9f1c,None,Practicante de Mejora de Procesos,Administración e Ingenierías,presencial,2026-07-20,CLOSED,2026-07-03 13:48:34.863,,Lima,INTERNSHIP,NOT_STARTED,True,Contrans,"Administración, Contabilidad y Finanzas"
6a47be37759396216b6ea296,None,Practicante Profesional,Administración e Ingenierías,presencial,2026-07-21,CLOSED,2026-07-03 13:50:47.044,Perú,Lima,INTERNSHIP,NOT_STARTED,True,Divemotor,"Administración, Contabilidad y Finanzas"
6a4d55117cf01ca49ce1850f,None,Practicante de Compliance,Auditoría,presencial,2026-07-31,CLOSED,2026-07-07 19:35:45.747,Perú,Lima,JUNIOR,NOT_STARTED,True,Repsol,"Administración, Contabilidad y Finanzas"
6a4d56977cf01ca49ce1851b,None,Asistente de Auditoria - Temporal,Auditoría,presencial,2026-07-31,CLOSED,2026-07-07 19:42:15.439,Perú,Lima,JUNIOR,NOT_STARTED,True,Lima Gas,"Administración, Contabilidad y Finanzas"
6a4d57657cf01ca49ce1852d,None,Practicante de E-Ecommerce,Comercial,híbrido,2026-07-31,CLOSED,2026-07-07 19:45:41.545,Perú,Lima,TRAINEE,NOT_STARTED,True,America Movil Peru SAC,"Comercial, Ventas y Desarrollo de Negocios"
6a4d584f7cf01ca49ce18539,None,Practicante de Compras,Compras,híbrido,2026-07-31,CLOSED,2026-07-07 19:49:35.701,Perú,Lima,TRAINEE,NOT_STARTED,True,Grupo Tawa,"Logística, Abastecimiento y Transporte"
6a4d59077cf01ca49ce18545,None,PRACTICANTE PROFESIONAL DE PROYECTOS TI,Liderazgo de Proyecto,presencial,2026-07-31,CLOSED,2026-07-07 19:52:39.257,Perú,Lima,TRAINEE,NOT_STARTED,True,Grupo Gloria,Otros
6a4d59b07cf01ca49ce18551,None,Practicante profesional de Contabilidad,Finanzas,presencial,2026-07-31,CLOSED,2026-07-07 19:55:28.704,Perú,Lima,TRAINEE,NOT_STARTED,True,Topi Top,"Administración, Contabilidad y Finanzas"
6a4d5a7d7cf01ca49ce1856c,None,Practicante de Evaluación Comercial,Finanzas,presencial,2026-07-31,CLOSED,2026-07-07 19:58:53.768,Perú,Lima,TRAINEE,NOT_STARTED,True,America Movil Peru SAC,"Administración, Contabilidad y Finanzas"
6a4d5b377cf01ca49ce18582,None,Practicante Profesional de Compras,Compras,presencial,2026-07-31,CLOSED,2026-07-07 20:01:59.836,Perú,Lima,TRAINEE,NOT_STARTED,True,Grupo Gloria,"Logística, Abastecimiento y Transporte"
6a4d5bf17cf01ca49ce18593,None,Practicante Actuarial,Otros,presencial,2026-07-31,CLOSED,2026-07-07 20:05:05.668,Perú,Lima,TRAINEE,NOT_STARTED,True,La Positiva Seguros,Otros
6a4d5d067cf01ca49ce185ae,None,Practicante de Eficiencia,Finanzas,presencial,2026-07-31,CLOSED,2026-07-07 20:09:42.377,Perú,Lima,TRAINEE,NOT_STARTED,True,BANCO PICHINCHA,"Administración, Contabilidad y Finanzas"
6a4d5e117cf01ca49ce185c3,None,Practicante de Riesgo,Finanzas,presencial,2026-07-31,CLOSED,2026-07-07 20:14:09.986,Perú,Lima,TRAINEE,NOT_STARTED,True,ICBC PERU BANK,"Administración, Contabilidad y Finanzas"
6a4d5eda7cf01ca49ce185cf,None,Practicante de Administración,Oficios y Profesiones,presencial,2026-07-31,CLOSED,2026-07-07 20:17:30.255,Perú,Lima,TRAINEE,NOT_STARTED,True,Cámara de Comercio de Lima,Otros
6a4d5f637cf01ca49ce185db,None,Practicante comercial,Comercial,presencial,2026-07-31,CLOSED,2026-07-07 20:19:47.485,Perú,Lima,TRAINEE,NOT_STARTED,True,STM HEALTH,"Comercial, Ventas y Desarrollo de Negocios"
6a4d60357cf01ca49ce185f4,None,Practicante de Digitalización,Tecnología,presencial,2026-07-31,CLOSED,2026-07-07 20:23:17.281,Perú,Lima,JUNIOR,NOT_STARTED,True,Repsol,"Tecnología, Sistemas y Telecomunicaciones"
6a4d60a67cf01ca49ce18600,None,Practicante Profesional de Contabilidad,Contabilidad,presencial,2026-07-31,CLOSED,2026-07-07 20:25:10.612,Perú,Lima,JUNIOR,NOT_STARTED,True,GRUPO ROKYS,"Administración, Contabilidad y Finanzas"
6a4d616f7cf01ca49ce1860c,None,Practicante Profesional de Finanzas,Finanzas,presencial,2026-07-31,CLOSED,2026-07-07 20:28:31.957,Perú,Lima,TRAINEE,NOT_STARTED,True,P&D ANDINA ALIMENTOS,"Administración, Contabilidad y Finanzas"
6a4d627a7cf01ca49ce18618,None,Practicante Profesional de TI,Tecnologías de la Información,presencial,2026-07-31,CLOSED,2026-07-07 20:32:58.699,Perú,Lima,TRAINEE,NOT_STARTED,True,Tiendas Tambo,"Tecnología, Sistemas y Telecomunicaciones"
6a4d63317cf01ca49ce18624,None,Practicante de Compensaciones,Compensación y Planilla,híbrido,2026-07-31,CLOSED,2026-07-07 20:36:01.920,Perú,Lima,TRAINEE,NOT_STARTED,True,Pacífico EPS,Otros
6a4d8492631a0c36f63630fb,None,Programa de Practicas 2027,"Administración, Finanzas, Marketing, Publicidad, Economía, Contabilidad, Comunicaciones, entre otras",híbrido,2026-07-31,CLOSED,2026-07-07 22:58:26.383,Perú,Lima,INTERNSHIP,NOT_STARTED,True,Repsol,"Administración, Contabilidad y Finanzas"
6a4d8590631a0c36f6363107,None,Practicante de Pricing,Finanzas,presencial,2026-07-31,CLOSED,2026-07-07 23:02:40.622,Perú,Lima,TRAINEE,NOT_STARTED,True,Credicorp Capital,"Administración, Contabilidad y Finanzas"
6a4d8669631a0c36f6363111,None,Practicante Pre Profesional de Marca Corporativa,"Marketing, Publicidad",presencial,2026-08-01,CLOSED,2026-07-07 23:06:17.649,Perú,Lima,INTERNSHIP,NOT_STARTED,True,Grupo Pacasmayo,"Marketing, Publicidad y Comunicación"
6a4d86e2631a0c36f636311b,None,Practicante de Ingenieria Industrial - RRHH,Recursos Humanos,presencial,2026-07-31,CLOSED,2026-07-07 23:08:18.665,Perú,Lima,INTERNSHIP,NOT_STARTED,True,Grupo M&M,Recursos Humanos y Capacitación
6a4d879f631a0c36f6363125,None,Practicante Profesional de Mina | Cerro Lindo,Mina,presencial,2026-07-31,CLOSED,2026-07-07 23:11:27.344,Perú,Lima,TRAINEE,NOT_STARTED,True,Programa de Prácticas Nexa - Perú,Otros
6a4d8834631a0c36f636312f,None,Practicante de Bienestar Estudiantil,Psicología,presencial,2026-08-06,CLOSED,2026-07-07 23:13:56.070,Perú,Lima,TRAINEE,NOT_STARTED,True,Universidad de Ingeniería y Tecnología - UTEC,Otros
6a4d88bc631a0c36f6363139,None,Practicante Pre Profesional de Data y Analytics,Data Analytics,presencial,2026-08-06,CLOSED,2026-07-07 23:16:12.263,Perú,Lima,INTERNSHIP,NOT_STARTED,True,Entel Perú,Otros
6a4d8932631a0c36f6363143,None,Practicante de Administracion de Personal,"Administración, Finanzas, Marketing, Publicidad, Economía, Contabilidad, Comunicaciones, entre otras",presencial,2026-08-06,CLOSED,2026-07-07 23:18:10.835,Perú,Lima,INTERNSHIP,NOT_STARTED,True,Credicorp Capital,"Administración, Contabilidad y Finanzas"
6a4d89e1631a0c36f636314d,None,Practicante Pre Profesional de Marketing,"Marketing, Publicidad",presencial,2026-08-06,CLOSED,2026-07-07 23:21:05.740,Perú,Lima,INTERNSHIP,NOT_STARTED,True,Inmobiliaria C&C,"Marketing, Publicidad y Comunicación"
6a4d8a45631a0c36f6363157,None,Practicas PROFESIONALES Sistemas (MUJER),Ingeniería de Sistemas,presencial,2026-08-06,CLOSED,2026-07-07 23:22:45.577,Perú,Lima,TRAINEE,NOT_STARTED,True,Nzzo Studio,"Tecnología, Sistemas y Telecomunicaciones"
6a4d8af9631a0c36f6363161,None,Practicante Profesional de Atracción de Talento - Sanna Clínica San Borja,Psicología,presencial,2026-08-06,CLOSED,2026-07-07 23:25:45.600,Perú,Lima,TRAINEE,NOT_STARTED,True,Red Salud,Otros
6a500c4f4602913e3ae6d11a,None,Ejecutivo Banca PYME - Convocatoria Lima,Ventas,presencial,2026-08-31,OPEN,2026-07-09 21:02:07.299,Perú,Lima,JUNIOR,NOT_STARTED,True,Banco de Crédito del Perú,"Comercial, Ventas y Desarrollo de Negocios"
6a500d134602913e3ae6d126,None,Asesor de Clientes (Plataforma BCP) - Provincia Oriente,Atención al Cliente,presencial,2026-07-31,CLOSED,2026-07-09 21:05:23.866,Perú,Lima,JUNIOR,NOT_STARTED,True,Banco de Crédito del Perú,Otros
6a500ebd4602913e3ae6d132,None,Promotor de Servicios (Ventanilla BCP) - Lima,Atención al Cliente,presencial,2026-08-08,CLOSED,2026-07-09 21:12:29.927,Perú,Lima,JUNIOR,NOT_STARTED,True,Banco de Crédito del Perú,Otros
6a500f8c4602913e3ae6d13e,None,Promotor de Servicios (Ventanilla BCP) - Provincia Sur III,Atención al Cliente,presencial,2026-08-08,CLOSED,2026-07-09 21:15:56.439,Perú,Lima,JUNIOR,NOT_STARTED,True,Banco de Crédito del Perú,Otros
6a516b41269dd13c50d6d987,6a516874269dd13c50d6d8eb,Asesora de Ventas y Atención al Cliente - Larcomar,Comercial,presencial,2026-08-09,CLOSED,2026-07-10 21:59:29.610,Perú,Lima,JUNIOR,PENDING,False,,"Comercial, Ventas y Desarrollo de Negocios"
6a516c45269dd13c50d6d9b3,6a516874269dd13c50d6d8eb,Vendedor y Gestor de Redes Sociales (Community),Comercial,presencial,2026-08-09,CLOSED,2026-07-10 22:03:49.638,Perú,Lima,JUNIOR,PENDING,False,,"Comercial, Ventas y Desarrollo de Negocios"
6a516d69269dd13c50d6d9e0,6a516874269dd13c50d6d8eb,Auxiliar Creativo,Marketing,presencial,2026-08-09,CLOSED,2026-07-10 22:08:41.662,Perú,Lima,TRAINEE,PENDING,False,,"Marketing, Publicidad y Comunicación"
6a52cc2b85cca19eecebc709,None,Practicante profesional de créditos,"Administración, Contabilidad y Finanzas",presencial,2026-08-09,CLOSED,2026-07-11 23:05:15.274,Perú,Arequipa,,NOT_STARTED,True,Caja Cusco,"Administración, Contabilidad y Finanzas"
6a52ce2685cca19eecebc723,None,Coordinador De Procesos,"Administración, Contabilidad y Finanzas",presencial,2026-08-09,CLOSED,2026-07-11 23:13:42.346,Perú,Arequipa,,NOT_STARTED,True,Caja Arequipa,"Administración, Contabilidad y Finanzas"
6a52ceb285cca19eecebc73b,None,Analista De Cobranza Outsourcing,"Administración, Contabilidad y Finanzas",presencial,2026-08-06,CLOSED,2026-07-11 23:16:02.928,Perú,Arequipa,,NOT_STARTED,True,Caja Arequipa,"Administración, Contabilidad y Finanzas"
6a52cf8485cca19eecebc747,None,Analista Sénior De Calidad De Cobranza,"Administración, Contabilidad y Finanzas",presencial,2026-08-06,CLOSED,2026-07-11 23:19:32.269,Perú,Arequipa,,NOT_STARTED,True,Caja Arequipa,"Administración, Contabilidad y Finanzas"
6a52d03985cca19eecebc75f,None,Analista Sénior de Proyecto de Cobranza,"Administración, Contabilidad y Finanzas",presencial,2026-08-06,CLOSED,2026-07-11 23:22:33.237,Perú,Arequipa,,NOT_STARTED,True,Caja Arequipa,"Administración, Contabilidad y Finanzas"
6a52d10f85cca19eecebc777,None,Asistente De Almacén,Logística,presencial,2026-07-30,CLOSED,2026-07-11 23:26:07.603,Perú,Arequipa,,NOT_STARTED,True,Caja Arequipa,"Logística, Abastecimiento y Transporte"
6a52d18085cca19eecebc783,None,Analista Senior De Segmento Mype,"Administración, Contabilidad y Finanzas",presencial,2026-07-25,CLOSED,2026-07-11 23:28:00.032,Perú,Arequipa,,NOT_STARTED,True,Caja Arequipa,"Administración, Contabilidad y Finanzas"
6a52d1c985cca19eecebc78f,None,Analista Senior De Productos Pasivos,"Administración, Contabilidad y Finanzas",presencial,2026-07-25,CLOSED,2026-07-11 23:29:13.374,Perú,Arequipa,,NOT_STARTED,True,Caja Arequipa,"Administración, Contabilidad y Finanzas"
6a52d26b85cca19eecebc7a7,None,Analista Senior de Segmento Empresas,"Administración, Contabilidad y Finanzas",presencial,2026-07-24,CLOSED,2026-07-11 23:31:55.300,Perú,Arequipa,,NOT_STARTED,True,Caja Arequipa,"Administración, Contabilidad y Finanzas"
6a52d30c85cca19eecebc7b3,None,Junior Business Analytics Acoe,"Tecnología, Datos e Inteligencia de Negocios",presencial,2026-08-10,CLOSED,2026-07-11 23:34:36.964,Perú,Arequipa,SENIOR,NOT_STARTED,True,Caja Arequipa,"Comercial, Ventas y Desarrollo de Negocios"
6a52d3b585cca19eecebc7bf,None,Practicante Profesional de people Analytics y Estrategia (Data Engineer),"Tecnología, Datos e Inteligencia de Negocios",presencial,2026-08-09,CLOSED,2026-07-11 23:37:25.858,Perú,Arequipa,,NOT_STARTED,True,Caja Arequipa,"Comercial, Ventas y Desarrollo de Negocios"
6a52d44585cca19eecebc7d3,None,Coordinador De Agencias (Auditoría),Tecnología y Sistemas,presencial,2026-08-07,CLOSED,2026-07-11 23:39:49.368,Perú,Arequipa,,NOT_STARTED,True,Caja Arequipa,"Tecnología, Sistemas y Telecomunicaciones"
6a52d4ee85cca19eecebc7df,None,Senior Campaigns Acoe,"Tecnología, Datos e Inteligencia de Negocios (BI)",presencial,2026-08-01,CLOSED,2026-07-11 23:42:38.136,Perú,Arequipa,,NOT_STARTED,True,Caja Arequipa,"Comercial, Ventas y Desarrollo de Negocios"
6a52d67685cca19eecebc7ed,None,Operador de equipo pesado,"Operaciones, Minería y Maquinaria Pesada",presencial,2026-08-02,CLOSED,2026-07-11 23:49:11.001,Perú,Arequipa,,NOT_STARTED,True,Grupo Gloria,"Minería, Petróleo, Energía y Gas"
6a52d7ea85cca19eecebc819,None,Practicante de Comunicación Interna,"Comunicación,  Marketing y Recursos Humanos",presencial,2026-07-26,CLOSED,2026-07-11 23:55:22.726,Perú,Arequipa,,NOT_STARTED,True,Caja Arequipa,"Marketing, Publicidad y Comunicación"
6a52d89c85cca19eecebc825,None,Practicante de Recursos Humanos,Recursos Humanos o Administración,presencial,2026-07-17,CLOSED,2026-07-11 23:58:20.305,Perú,Arequipa,,NOT_STARTED,True,Caja Arequipa,"Administración, Contabilidad y Finanzas"
6a5405af75ee1391b14d7a30,None,Administrador de Terminal,"Administración, Logística o Operaciones",presencial,2026-08-09,CLOSED,2026-07-12 21:22:55.099,Perú,Arequipa,,NOT_STARTED,True,Primax,"Administración, Contabilidad y Finanzas"
6a5406c075ee1391b14d7a4f,None,Ejecutivo Comercial,"Comercial, Negocios y Marketing",presencial,2026-07-29,CLOSED,2026-07-12 21:27:28.979,Perú,Arequipa,,NOT_STARTED,True,Yura S.A.,"Comercial, Ventas y Desarrollo de Negocios"
6a54079275ee1391b14d7a67,None,Asesor Financiero,"Administración, Banca y Finanzas",presencial,2026-08-06,CLOSED,2026-07-12 21:30:58.559,Perú,Arequipa,,NOT_STARTED,True,Banco Ripley,"Administración, Contabilidad y Finanzas"
6a54099275ee1391b14d7a87,None,Docente tiempo parcial - Minería,"Docencia, Minería y Metalurgia",presencial,2026-08-08,CLOSED,2026-07-12 21:39:30.190,Perú,Arequipa,,NOT_STARTED,True,Tecsup,"Minería, Petróleo, Energía y Gas"
6a540a4675ee1391b14d7a9d,None,Docente tiempo parcial - Mantenimiento de Maquinaria Pesada,"Docencia, Mantenimiento de Maquinaria Pesada  y Mecánica Industrial",presencial,2026-08-07,CLOSED,2026-07-12 21:42:30.304,Perú,Arequipa,,NOT_STARTED,True,Tecsup,Mantenimiento y Reparaciones Técnicas
6a540b4875ee1391b14d7ab5,None,Coordinador(a) de Relaciones Laborales y Bienestar Social,Recursos Humanos y Administración,presencial,2026-08-09,CLOSED,2026-07-12 21:46:48.139,Perú,Arequipa,,NOT_STARTED,True,Yura S.A.,"Administración, Contabilidad y Finanzas"
6a540d2075ee1391b14d7b45,None,Jefe Comercial de Belleza / Derma,"Comercial, Marketing",presencial,2026-08-09,CLOSED,2026-07-12 21:54:40.329,Perú,Arequipa,,NOT_STARTED,True,Falabella Perú,"Comercial, Ventas y Desarrollo de Negocios"
6a540e3d75ee1391b14d7b51,None,Counter Manager,Comercial,presencial,2026-08-07,CLOSED,2026-07-12 21:59:25.186,Perú,Arequipa,,NOT_STARTED,True,Falabella Perú,"Comercial, Ventas y Desarrollo de Negocios"
6a540f1e75ee1391b14d7b5f,None,Analista de calidad,Control de Calidad,presencial,2026-08-02,CLOSED,2026-07-12 22:03:10.990,Perú,Arequipa,,NOT_STARTED,True,Backus,Otros
6a54122175ee1391b14d7b71,None,Jefe Comercial Procesados,Comercial,presencial,2026-08-10,CLOSED,2026-07-12 22:16:01.255,Perú,Arequipa,,NOT_STARTED,True,Tottus,"Comercial, Ventas y Desarrollo de Negocios"
6a54db2374debbcf8d364c9f,None,ASISTENTE DE RRHH DE CINEMARK TRUJILLO,Recursos Humanos,presencial,2026-08-13,CLOSED,2026-07-13 12:33:39.766,Perú,La Libertad,JUNIOR,NOT_STARTED,True,CINEMARK DEL PERU,Recursos Humanos y Capacitación
6a54df3a74debbcf8d364cbf,None,Especialista en Marketing y Crecimiento,Marketing,presencial,2026-08-13,CLOSED,2026-07-13 12:51:06.276,Perú,La Libertad,SENIOR,NOT_STARTED,True,REMAX VANGUARD,"Marketing, Publicidad y Comunicación"
6a54e47474debbcf8d364cd9,None,Practicante Comercial - Trujillo,Comercial,híbrido,2026-08-13,CLOSED,2026-07-13 13:13:24.063,Perú,La Libertad,TRAINEE,NOT_STARTED,True,Pacífico EPS,"Comercial, Ventas y Desarrollo de Negocios"
6a54e7b274debbcf8d364cee,None,Practicante de Operaciones Mina,Minería,presencial,2026-08-13,CLOSED,2026-07-13 13:27:14.737,Perú,La Libertad,TRAINEE,NOT_STARTED,True,ENAEX FILIAL PERU,"Minería, Petróleo, Energía y Gas"
6a54e98474debbcf8d364cfa,None,PRACTICANTE DE OPERACIONES MINA,Minería,presencial,2026-08-13,CLOSED,2026-07-13 13:35:00.671,Perú,La Libertad,JUNIOR,NOT_STARTED,True,LA ARENA S.A,"Minería, Petróleo, Energía y Gas"
6a54eb5d74debbcf8d364d06,None,Practicante Profesional Comercial,Comercial,presencial,2026-08-13,CLOSED,2026-07-13 13:42:53.354,Perú,La Libertad,TRAINEE,NOT_STARTED,True,Grupo La Joya,"Comercial, Ventas y Desarrollo de Negocios"
6a54ee8174debbcf8d364d12,None,Practicante Profesional De Negocios: Agencia Virú,Comercial,presencial,2026-08-13,CLOSED,2026-07-13 13:56:17.468,Perú,La Libertad,INTERNSHIP,NOT_STARTED,True,Caja Trujillo,"Comercial, Ventas y Desarrollo de Negocios"
6a54f3cf74debbcf8d364d1e,None,Practicante de Diseño Gráfico y Redes Sociales,Marketing,presencial,2026-08-13,CLOSED,2026-07-13 14:18:55.833,Perú,La Libertad,INTERNSHIP,NOT_STARTED,True,ESTRUCTURAS Y MOBILIARIO S.A.C.,"Marketing, Publicidad y Comunicación"
6a54f5a974debbcf8d364d2a,None,Practicante Profesional de Producción,Ingeniería Industrial,presencial,2026-08-13,CLOSED,2026-07-13 14:26:49.989,Perú,La Libertad,INTERNSHIP,NOT_STARTED,True,Trupal S.A.,"Producción, Manufactura y Operaciones"
6a54fbc574debbcf8d364d3e,None,Practicante Pre Profesional de Marketing,Marketing,presencial,2026-08-13,CLOSED,2026-07-13 14:52:53.542,Perú,La Libertad,INTERNSHIP,NOT_STARTED,True,Clínica Cristo Redentor,"Marketing, Publicidad y Comunicación"
6a54ff4b74debbcf8d364d52,None,Asistente de Marketing y Publicidad,Marketing,presencial,2026-08-13,CLOSED,2026-07-13 15:07:55.635,Perú,La Libertad,,NOT_STARTED,True,EVERYWHERE TRAVEL,"Marketing, Publicidad y Comunicación"
6a5506c774debbcf8d364d66,None,Practicante Profesional de SST,Administración,presencial,2026-08-12,CLOSED,2026-07-13 15:39:51.172,Perú,La Libertad,INTERNSHIP,NOT_STARTED,True,CARTAVIO RUM COMPANY S.A.C.,"Administración, Contabilidad y Finanzas"
6a55099974debbcf8d364d72,None,Practicante Profesional de Remuneraciones y Compensaciones,Administración,presencial,2026-08-12,CLOSED,2026-07-13 15:51:53.189,Perú,La Libertad,INTERNSHIP,NOT_STARTED,True,Camposol,"Administración, Contabilidad y Finanzas"
6a550eee74debbcf8d364d7e,None,Soporte Comercial,Comercial y Administración,híbrido,2026-08-12,CLOSED,2026-07-13 16:14:38.680,Perú,La Libertad,,NOT_STARTED,True,GRUPO FG,"Administración, Contabilidad y Finanzas"
6a5510fb74debbcf8d364d8a,None,Desarrollador de Contenido y Trafico Digital,"Marketing, Comunicaciones y Comercial",híbrido,2026-08-12,CLOSED,2026-07-13 16:23:23.043,Perú,La Libertad,,NOT_STARTED,True,GRUPO FG,"Comercial, Ventas y Desarrollo de Negocios"
6a5512a074debbcf8d364d96,None,Asistente Administrativo / Comercial,"Comercial, Administración y Marketing",presencial,2026-08-12,CLOSED,2026-07-13 16:30:24.052,Perú,La Libertad,,NOT_STARTED,True,GRUPO FG,"Administración, Contabilidad y Finanzas"
6a5516af74debbcf8d364e0b,None,Auxiliar de Contabilidad - Tempora,Administración,presencial,2026-08-12,CLOSED,2026-07-13 16:47:43.458,Perú,La Libertad,JUNIOR,NOT_STARTED,True,Caja Trujillo,"Administración, Contabilidad y Finanzas"
6a55188a74debbcf8d364e3e,None,Analista Jr. de Créditos y Cobranza (Sector Financiero) TRUJILLO,Administración y Finanzas,presencial,2026-08-12,CLOSED,2026-07-13 16:55:38.551,Perú,La Libertad,JUNIOR,NOT_STARTED,True,Cooperativa de Servicios Múltiples El Tumi,"Administración, Contabilidad y Finanzas"
6a551a6c74debbcf8d364e50,None,Gestor/a de Convenios - Ag. Trujillo,"Comercial, Administración y Finanzas",presencial,2026-08-12,CLOSED,2026-07-13 17:03:40.810,Perú,La Libertad,JUNIOR,NOT_STARTED,True,BANCO PICHINCHA,"Administración, Contabilidad y Finanzas"
6a55209f74debbcf8d364e5c,None,Practicante Profesional de experiencia al cliente (Arquitecto(a) o Diseñador(a) de Interiores),"Atención al Cliente, Arquitectura. y Diseño de Interiores",presencial,2026-08-12,CLOSED,2026-07-13 17:30:07.536,Perú,La Libertad,INTERNSHIP,NOT_STARTED,True,Eurofirms,"Arquitectura, Diseño de Interiores y Decoración"
6a55297674debbcf8d364e72,None,Practicante Profesional de Contabilidad,Contabilidad y Administración,presencial,2026-08-12,CLOSED,2026-07-13 18:07:50.401,Perú,La Libertad,INTERNSHIP,NOT_STARTED,True,Caja Trujillo,"Administración, Contabilidad y Finanzas"
6a552b4774debbcf8d364e7e,None,Técnico de Mantenimiento/Todista,Mantenimiento Industrial,presencial,2026-08-12,CLOSED,2026-07-13 18:15:35.742,Perú,La Libertad,JUNIOR,NOT_STARTED,True,Grupo San Pablo,Mantenimiento y Reparaciones Técnicas
6a552d7474debbcf8d364e8a,None,Practicante Profesional de Capacitación y Desarrollo,"Recursos Humanos, Capacitación y Desarrollo, Administración",presencial,2026-08-12,CLOSED,2026-07-13 18:24:52.681,Perú,La Libertad,INTERNSHIP,NOT_STARTED,True,Caja Trujillo,"Administración, Contabilidad y Finanzas"
6a55317174debbcf8d364eae,None,Ejecutivo de Ventas Industrial Campo,"Comercial, Ventas y Negocios",presencial,2026-08-12,CLOSED,2026-07-13 18:41:53.365,Perú,La Libertad,SENIOR,NOT_STARTED,True,WENCO S A,"Comercial, Ventas y Desarrollo de Negocios"
6a5535f974debbcf8d364eba,None,Asistente comercial,Comercial y Administración,presencial,2026-08-12,CLOSED,2026-07-13 19:01:13.769,Perú,La Libertad,JUNIOR,NOT_STARTED,True,Compured S.A.C.,"Administración, Contabilidad y Finanzas"
6a55453074debbcf8d364f2a,None,Practicante de Innovación,Administración,híbrido,2026-07-25,CLOSED,2026-07-13 20:06:08.168,Perú,Lima,INTERNSHIP,NOT_STARTED,True,Prima AFP,"Administración, Contabilidad y Finanzas"
6a5546da74debbcf8d364f42,None,Practicante pre-profesional de Experiencia al Colaborador,Psicología y Administración,presencial,2026-07-25,CLOSED,2026-07-13 20:13:14.672,Perú,Lima,,NOT_STARTED,True,Pacífico Seguros,"Administración, Contabilidad y Finanzas"
6a56f9f19cde8ddb3dae099a,None,PRACTICANTE COMUNICACIONES INTERNAS,Comunicación,híbrido,2026-07-31,CLOSED,2026-07-15 03:09:37.975,Perú,Lima,INTERNSHIP,NOT_STARTED,True,LATAM Airlines,"Marketing, Publicidad y Comunicación"
6a56faa39cde8ddb3dae09a6,None,Practicante HRBP,Psicología y Administración,presencial,2026-07-31,CLOSED,2026-07-15 03:12:35.029,Perú,Lima,INTERNSHIP,NOT_STARTED,True,Natura,"Administración, Contabilidad y Finanzas"
6a56fcb59cde8ddb3dae09b2,None,Practicante de Trade Marketing,Marketing,presencial,2026-08-01,CLOSED,2026-07-15 03:21:25.605,Perú,Lima,INTERNSHIP,NOT_STARTED,True,L'Oréal,"Marketing, Publicidad y Comunicación"
6a56fd279cde8ddb3dae09be,None,PRACTICANTE SOPORTE,Administración e Ingenierías,híbrido,2026-08-08,CLOSED,2026-07-15 03:23:19.245,Perú,Lima,INTERNSHIP,NOT_STARTED,True,LATAM Airlines,"Administración, Contabilidad y Finanzas"
6a5701a59cde8ddb3dae0a2a,None,Practicante Profesional de Selección,Psicología y Administración,híbrido,2026-08-14,OPEN,2026-07-15 03:42:29.805,Perú,Lima,INTERNSHIP,NOT_STARTED,True,Universidad Norbert Wiener,"Administración, Contabilidad y Finanzas"
6a5702679cde8ddb3dae0a39,None,PRACTICANTE PROFESIONAL,Administración,presencial,2026-08-14,OPEN,2026-07-15 03:45:43.971,Perú,Lima,INTERNSHIP,NOT_STARTED,True,ACCIONA,"Administración, Contabilidad y Finanzas"
6a5703b59cde8ddb3dae0a45,None,Practicante del Programa de Rotación,Tecnología e Ingenierías,presencial,2026-08-08,CLOSED,2026-07-15 03:51:17.017,Perú,Lima,INTERNSHIP,NOT_STARTED,True,COES - Comité de Operación Económica del Sistema Interconectado Nacional,"Tecnología, Sistemas y Telecomunicaciones"
6a5704379cde8ddb3dae0a51,None,Practicante de  Capacitación  Y Clima y Cultura,Psicología y Administración,presencial,2026-08-14,OPEN,2026-07-15 03:53:27.110,Perú,Lima,INTERNSHIP,NOT_STARTED,True,IDM Technology,"Administración, Contabilidad y Finanzas"
6a5706639cde8ddb3dae0a5d,None,Practicante de Compras,Administración,presencial,2026-08-14,OPEN,2026-07-15 04:02:43.416,Perú,Lima,INTERNSHIP,NOT_STARTED,True,Cementos Pacasmayo SAA,"Administración, Contabilidad y Finanzas"
6a5707459cde8ddb3dae0a69,None,Practicante PRE PROFESIONAL de Gestión del Talento,Psicología y Administración,presencial,2026-08-14,OPEN,2026-07-15 04:06:29.381,Perú,Lima,INTERNSHIP,NOT_STARTED,True,Bancom Perú,"Administración, Contabilidad y Finanzas"
6a5707f99cde8ddb3dae0a75,None,Practicante Pre Profesional de Cumplimiento y Sostenibilidad,Contabilidad,presencial,2026-08-14,OPEN,2026-07-15 04:09:29.131,Perú,Lima,INTERNSHIP,NOT_STARTED,True,Canvia,"Administración, Contabilidad y Finanzas"
6a5708a19cde8ddb3dae0a81,None,Practicante Profesional Compras,Contabilidad,presencial,2026-08-14,OPEN,2026-07-15 04:12:17.805,Perú,Lima,INTERNSHIP,NOT_STARTED,True,Pastelería San Antonio,"Administración, Contabilidad y Finanzas"
6a5709489cde8ddb3dae0a8d,None,Practicante Profesional de Recursos Humanos,Psicología y Administración,presencial,2026-08-14,OPEN,2026-07-15 04:15:04.510,Perú,Lima,INTERNSHIP,NOT_STARTED,True,Le Cordon Bleu Perú,"Administración, Contabilidad y Finanzas"
6a5709ea9cde8ddb3dae0a99,None,Practicante Profesional de Desempeño Operacional y Proyectos,Administración e Ingenierías,presencial,2026-08-14,OPEN,2026-07-15 04:17:46.973,Perú,Lima,INTERNSHIP,NOT_STARTED,True,LIMA AIRPORT,"Administración, Contabilidad y Finanzas"
6a570ab89cde8ddb3dae0aa5,None,Practicante Actuarial,Economía y afines,presencial,2026-08-14,OPEN,2026-07-15 04:21:12.272,Perú,Lima,INTERNSHIP,NOT_STARTED,True,Pacífico Seguros,Otros
6a570b399cde8ddb3dae0ab1,None,Practicante Profesional,Administración e Ingenierías,presencial,2026-08-14,OPEN,2026-07-15 04:23:21.712,Perú,Lima,INTERNSHIP,NOT_STARTED,True,TDM,"Administración, Contabilidad y Finanzas"
6a570bb89cde8ddb3dae0abd,None,BECARIO PROYECTOS Y CONTROL INTERNO,Administración e Ingenierías,presencial,2026-08-14,OPEN,2026-07-15 04:25:28.023,Perú,Lima,INTERNSHIP,NOT_STARTED,True,Repsol,"Administración, Contabilidad y Finanzas"
6a570c559cde8ddb3dae0ac9,None,Practicante Profesional de Atracción de Talento,Psicología y Administración,presencial,2026-08-14,OPEN,2026-07-15 04:28:05.901,Perú,Lima,INTERNSHIP,NOT_STARTED,True,Proyecto Educativo Pilares,"Administración, Contabilidad y Finanzas"
6a570cd89cde8ddb3dae0ad5,None,PRACTICANTE DE SOPORTE DE PROYECTOS,Administración e Ingenierías,presencial,2026-08-14,OPEN,2026-07-15 04:30:16.696,Perú,Lima,INTERNSHIP,NOT_STARTED,True,Luz del Sur,"Administración, Contabilidad y Finanzas"
6a5713179cde8ddb3dae0bdf,None,Coordinador (a) comercial y de marketing,Marketing,presencial,2026-08-14,OPEN,2026-07-15 04:56:55.830,Perú,Arequipa,JUNIOR,NOT_STARTED,True,Refugios Ecológicos S.A.C,"Marketing, Publicidad y Comunicación"
6a5714099cde8ddb3dae0be9,None,coordinador/a de márketing/ creador de contenido,Marketing,presencial,2026-08-14,OPEN,2026-07-15 05:00:57.617,Perú,Arequipa,JUNIOR,NOT_STARTED,True,Casona Flores,"Marketing, Publicidad y Comunicación"
6a5714839cde8ddb3dae0bf3,None,Asistente de Marketing/ Tiempo Completo/ Arequipa,Marketing,presencial,2026-08-14,OPEN,2026-07-15 05:02:59.338,Perú,Arequipa,JUNIOR,NOT_STARTED,True,Grupo Ollarves,"Marketing, Publicidad y Comunicación"
6a5715b09cde8ddb3dae0c06,None,Practicante Profesional de Marketing (egresados universitarios) / Arequipa,Marketing,presencial,2026-08-14,OPEN,2026-07-15 05:08:00.798,Perú,Arequipa,JUNIOR,NOT_STARTED,True,BSG Institute,"Marketing, Publicidad y Comunicación"
6a5716339cde8ddb3dae0c10,None,Coordinador de Marketing y Diseño AQP,Marketing,presencial,2026-08-14,OPEN,2026-07-15 05:10:11.309,Perú,Arequipa,JUNIOR,NOT_STARTED,True,Hagemsa SAC,"Marketing, Publicidad y Comunicación"
6a5716b99cde8ddb3dae0c1c,None,Diseñador de contenido y marketing digital,Marketing,presencial,2026-08-14,OPEN,2026-07-15 05:12:25.309,Perú,Arequipa,JUNIOR,NOT_STARTED,True,CONSULTORA INMOBILIARIA LUX,"Marketing, Publicidad y Comunicación"
6a57174b9cde8ddb3dae0c28,None,Publicista y marketing,Marketing,presencial,2026-08-14,OPEN,2026-07-15 05:14:51.107,Perú,Arequipa,JUNIOR,NOT_STARTED,True,REMAX PROTECCIÓN,"Marketing, Publicidad y Comunicación"
6a57186b9cde8ddb3dae0c32,None,"Diseñador gráfico - Agencia Marketing Digital, Solo Arequipa",Diseño Gráfico,presencial,2026-08-14,OPEN,2026-07-15 05:19:39.159,Perú,Arequipa,JUNIOR,NOT_STARTED,True,TACDigital,Diseño y Artes Gráficas
6a5718f09cde8ddb3dae0c3c,None,Asistente de Marketing,Marketing,presencial,2026-08-14,OPEN,2026-07-15 05:21:52.898,Perú,Arequipa,JUNIOR,NOT_STARTED,True,GREAT SERVICE SERV.TURIS.EL TABLON S.A.C,"Marketing, Publicidad y Comunicación"
6a5719759cde8ddb3dae0c48,None,Asistente de marketing,Marketing,presencial,2026-08-14,OPEN,2026-07-15 05:24:05.919,Perú,Arequipa,JUNIOR,NOT_STARTED,True,Grupo Miner Cejuro S.R.L.,"Marketing, Publicidad y Comunicación"
6a571a169cde8ddb3dae0c54,None,Coordinador de marketing,Marketing,presencial,2026-08-14,OPEN,2026-07-15 05:26:46.065,Perú,Arequipa,JUNIOR,NOT_STARTED,True,Alonso Torres Atelier,"Marketing, Publicidad y Comunicación"
6a571bf69cde8ddb3dae0c60,None,Practicante de Desarrollo de Software,Sistemas,presencial,2026-08-14,OPEN,2026-07-15 05:34:46.742,Perú,Arequipa,JUNIOR,NOT_STARTED,True,BSG Institute,"Tecnología, Sistemas y Telecomunicaciones"
6a571c789cde8ddb3dae0c6c,None,Practicante Profesional de Selección,Psicología,presencial,2026-08-14,OPEN,2026-07-15 05:36:56.206,Perú,Arequipa,JUNIOR,NOT_STARTED,True,Caja Trujillo,Otros
6a571d2d9cde8ddb3dae0c78,None,Practicante Profesional de Innovación y Comercial,Comercial,híbrido,2026-08-14,OPEN,2026-07-15 05:39:57.658,Perú,Arequipa,PRACTICE,NOT_STARTED,True,Caja Rural de Ahorro y Credito Los Andes S.A.,"Comercial, Ventas y Desarrollo de Negocios"
6a571db89cde8ddb3dae0c82,None,Practicante Profesional / Auxiliar de expedientes RRHH,Psicología,presencial,2026-08-14,OPEN,2026-07-15 05:42:16.843,Perú,Arequipa,PRACTICE,NOT_STARTED,True,Grupo San Pablo,Otros
6a571e899cde8ddb3dae0c8c,None,Practicante de derecho Arequipa,Derecho,presencial,2026-08-14,OPEN,2026-07-15 05:45:45.932,Perú,Arequipa,PRACTICE,NOT_STARTED,True,Lápices y Conexos S.A.,Legal y Cumplimiento
6a571ee29cde8ddb3dae0c96,None,Practicante contable,,presencial,2026-08-14,OPEN,2026-07-15 05:47:14.295,Perú,,,NOT_STARTED,True,LOGISTONE S.A.C.,Otros
6a571f659cde8ddb3dae0ca0,None,Practicante Profesional de Emisión de Informes,Quimica,presencial,2026-08-14,OPEN,2026-07-15 05:49:25.020,Perú,Apurímac,PRACTICE,NOT_STARTED,True,ALS LS PERU S.A.C.,Otros
6a580c21303628e35f22b97e,6a503532510d78559236239a,callao,gerente,presencial,2026-07-16,CLOSED,2026-07-15 22:39:29.303,Perú,Lima,SENIOR,NOT_STARTED,False,,Otros
6a59805782b5cfa44cca9239,None,Programa de Practicas 2027,,presencial,2026-08-16,OPEN,2026-07-17 01:07:35.257,Perú,Lima,INTERNSHIP,NOT_STARTED,True,Repsol,Otros
6a59832482b5cfa44cca9245,None,Practicante Pre Profesional de Data y Analytics,Tecnología,presencial,2026-08-16,OPEN,2026-07-17 01:19:32.869,Perú,Lima,PRACTICE,NOT_STARTED,True,"Entel Perú 4.2 4.2 de 5 estrellas Lima, Lima Entel Perú","Tecnología, Sistemas y Telecomunicaciones"
6a5983af82b5cfa44cca9251,None,Practicante de Administracion de Personal,Administración,presencial,2026-08-16,OPEN,2026-07-17 01:21:51.964,Perú,Lima,PRACTICE,NOT_STARTED,True,Credicorp Capital,"Administración, Contabilidad y Finanzas"
6a5985c882b5cfa44cca9260,None,PRACTICANTE DE SISTEMAS - ENFOQUE EN INTELIGENCIA ARTIFICIAL,Tecnología,remoto,2026-08-16,OPEN,2026-07-17 01:30:48.480,Perú,Lima,INTERNSHIP,NOT_STARTED,True,Grupo M&M,"Tecnología, Sistemas y Telecomunicaciones"
6a59867e82b5cfa44cca926a,None,Practicante Pre Profesional Comercial,Comercial,presencial,2026-08-16,OPEN,2026-07-17 01:33:50.358,Perú,Lima,INTERNSHIP,NOT_STARTED,True,LS MAGNA SOLUTION,"Comercial, Ventas y Desarrollo de Negocios"
6a59874382b5cfa44cca9274,None,Practicante de Marketing,Marketing,presencial,2026-08-16,OPEN,2026-07-17 01:37:07.712,Perú,Lima,PRACTICE,NOT_STARTED,True,Connect Talento,"Marketing, Publicidad y Comunicación"
6a5987f782b5cfa44cca927e,None,Practicante Pre Profesional de Marketing,Marketing,presencial,2026-08-16,OPEN,2026-07-17 01:40:07.596,Perú,Lima,INTERNSHIP,NOT_STARTED,True,Inmobiliaria C&C,"Marketing, Publicidad y Comunicación"
6a5988b982b5cfa44cca9288,None,Practicante de Ingeniería Industrial,Ingeniería Industrial,presencial,2026-08-16,OPEN,2026-07-17 01:43:21.301,Perú,Lima,INTERNSHIP,NOT_STARTED,True,NyC Corporation SAC,"Producción, Manufactura y Operaciones"
6a59899882b5cfa44cca9292,None,Practicante Vendedor(a) Técnico,Comercial,presencial,2026-08-16,OPEN,2026-07-17 01:47:04.180,Perú,Lima,INTERNSHIP,NOT_STARTED,True,Automando SAC - Baterias Al Toque,"Comercial, Ventas y Desarrollo de Negocios"
6a598b1782b5cfa44cca929e,None,Almacenero Jr | Prácticas | Arequipa,Almacenero,presencial,2026-08-16,OPEN,2026-07-17 01:53:27.195,Perú,Arequipa,JUNIOR,NOT_STARTED,True,CETEMIN,"Logística, Abastecimiento y Transporte"
6a598bef82b5cfa44cca92aa,None,Banco /Asistente de Negocios/ Asesor sin experiencia/ Prácticas /Comisión + Movilidad,Desarrollo de Negocios,presencial,2026-08-16,OPEN,2026-07-17 01:57:03.751,Perú,Arequipa,TRAINEE,NOT_STARTED,True,ManpowerGroup,"Comercial, Ventas y Desarrollo de Negocios"
6a598d1082b5cfa44cca92b6,None,En Mibanco /Asistente de Negocios/ Asesor sin experiencia/ Prácticas /Comisión + Movilidad,Desarrollo de Negocios,presencial,2026-08-16,OPEN,2026-07-17 02:01:52.157,Perú,Arequipa,TRAINEE,NOT_STARTED,True,ManpowerGroup,"Comercial, Ventas y Desarrollo de Negocios"
6a598dd882b5cfa44cca92c0,None,Programa de Prácticas Profesionales Talento Portuario,Administración,presencial,2026-08-16,OPEN,2026-07-17 02:05:12.928,Perú,Arequipa,JUNIOR,NOT_STARTED,True,Tisur S.A.,"Administración, Contabilidad y Finanzas"
6a598ead82b5cfa44cca92ca,None,Práctica Profesional Administración,Administración,presencial,2026-08-16,OPEN,2026-07-17 02:08:45.713,Perú,Lima,TRAINEE,NOT_STARTED,True,SAAM TOWAGE CHILE SPA,"Administración, Contabilidad y Finanzas"
6a598fc382b5cfa44cca92d6,None,CHOFER DE MINIVAN - CERRO VERDE,Conductor,presencial,2026-08-16,OPEN,2026-07-17 02:13:23.670,Perú,Arequipa,SENIOR,NOT_STARTED,True,Transportes Cruz Del Sur S.A.C.,Otros
6a59a25d82b5cfa44cca9301,None,Practicante Profesional de Recursos Humanos,Psicología y Administración,presencial,2026-08-02,CLOSED,2026-07-17 03:32:45.839,Perú,Lima,INTERNSHIP,NOT_STARTED,True,Ciren S.A.C.,"Administración, Contabilidad y Finanzas"
6a59a36082b5cfa44cca930b,None,Asistente de Marketing,Marketing,presencial,2026-08-14,OPEN,2026-07-17 03:37:04.680,Perú,Lima,JUNIOR,NOT_STARTED,True,PTV Perú,"Marketing, Publicidad y Comunicación"
6a59a46282b5cfa44cca9319,None,Practicante de Compras,Contabilidad,presencial,2026-08-15,OPEN,2026-07-17 03:41:22.468,Perú,Lima,INTERNSHIP,NOT_STARTED,True,BNP Paribas,"Administración, Contabilidad y Finanzas"
6a59a59e82b5cfa44cca9323,None,Practicante de Marketing,Marketing,presencial,2026-08-15,OPEN,2026-07-17 03:46:38.034,Perú,Lima,INTERNSHIP,NOT_STARTED,True,TAGUMEDICA S.A,"Marketing, Publicidad y Comunicación"
6a59a900cfcec6568c438401,None,Practicante de Marketing y Ventas,Marketing,presencial,2026-08-15,OPEN,2026-07-17 04:01:04.609,Perú,Lima,INTERNSHIP,NOT_STARTED,True,AERO VERTOL SAC,"Marketing, Publicidad y Comunicación"
6a59aa6ecfcec6568c438410,None,Practicante Profesional de Recursos Humanos,Psicología y Administración,presencial,2026-08-16,OPEN,2026-07-17 04:07:10.237,Perú,Lima,INTERNSHIP,NOT_STARTED,True,LE CORDON BLEU,"Administración, Contabilidad y Finanzas"
6a59b221cfcec6568c43841a,None,Practicante en Asistente administritivo - LOS OLIVOS,Administración,presencial,2026-08-11,CLOSED,2026-07-17 04:40:01.267,Perú,Lima,INTERNSHIP,NOT_STARTED,True,AUTOTEC,"Administración, Contabilidad y Finanzas"
6a59b414cfcec6568c438424,None,PRACTICANTES DE CALIDAD – LIMA (COMAS),Administración,presencial,2026-08-08,CLOSED,2026-07-17 04:48:20.287,Perú,Lima,INTERNSHIP,NOT_STARTED,True,La Casa Del Chantilly,"Administración, Contabilidad y Finanzas"
6a59b733cfcec6568c43842e,None,Practicantes agrónomos - biólogos,Ingenierías,presencial,2026-08-16,OPEN,2026-07-17 05:01:39.022,Perú,Lima,INTERNSHIP,NOT_STARTED,True,CENTRAL DE CALIDAD E INNOVACION - CONSULTORES S.A.C.,Otros
6a5a1ad275008f749ddad76a,None,"Practicantes, Oficina y Atencion al Cliente","Audiovisual, Marketing y Ventas",presencial,2026-08-15,OPEN,2026-07-17 12:06:42.066,Perú,Lima,INTERNSHIP,NOT_STARTED,True,Inversiones Automotriz Sursa,"Comercial, Ventas y Desarrollo de Negocios"
6a5a1bc575008f749ddad774,None,PRACTICANTE DE MARKETING Y GESTION ADMINISTRATIVA,Administración y Marketing,presencial,2026-08-08,CLOSED,2026-07-17 12:10:45.052,Perú,Lima,INTERNSHIP,NOT_STARTED,True,PRODUCMEDIC EIRL,"Administración, Contabilidad y Finanzas"
6a5a1c4075008f749ddad77e,None,Practicante de Marketing,Marketing,presencial,2026-08-08,CLOSED,2026-07-17 12:12:48.373,Perú,Lima,INTERNSHIP,NOT_STARTED,True,Niubiz,"Marketing, Publicidad y Comunicación"
6a5a1cfd75008f749ddad788,None,Practicante Pre Profesional de Atracción de Talento - SANNA Clínica San Borja,Psicología,presencial,2026-08-08,CLOSED,2026-07-17 12:15:57.293,Perú,Lima,INTERNSHIP,NOT_STARTED,True,Red Salud,Otros
6a5a1d9575008f749ddad792,None,PRACTICANTE DE MARKETING - LOS OLIVOS,Marketing,presencial,2026-08-07,CLOSED,2026-07-17 12:18:29.049,Perú,Lima,INTERNSHIP,NOT_STARTED,True,V&V TELESERVICIOS,"Marketing, Publicidad y Comunicación"
6a5a1e1e75008f749ddad79c,None,Practicante Preprofesional de Administración o Contabilidad,Contabilidad,presencial,2026-08-08,CLOSED,2026-07-17 12:20:46.546,Perú,Lima,INTERNSHIP,NOT_STARTED,True,EViS,"Administración, Contabilidad y Finanzas"
6a5a1ebe75008f749ddad7a6,None,Practicante Importaciones,Negocios Internacionales,presencial,2026-08-12,CLOSED,2026-07-17 12:23:26.983,Perú,Lima,INTERNSHIP,NOT_STARTED,True,R & M THIAGO S .A.C,"Comercial, Ventas y Desarrollo de Negocios"
6a5a200a75008f749ddad7b0,None,Asistente de Operaciones de E-commerce (Practicante),Comercial y Administración,presencial,2026-08-12,CLOSED,2026-07-17 12:28:58.790,Perú,Lima,INTERNSHIP,NOT_STARTED,True,Wynwood Import,"Administración, Contabilidad y Finanzas"
6a5acd46f29cb60fbededb8a,None,Practicante de Recursos Humanos,Psicología y Administración,presencial,2026-08-18,OPEN,2026-07-18 00:48:06.245,Perú,Lima,INTERNSHIP,NOT_STARTED,True,Samsung Electronics,"Administración, Contabilidad y Finanzas"
6a5ad7edf29cb60fbededbc3,None,Diseñador grafico audiovisual - creador de contenido,"Diseño Gráfico, Comunicación Audiovisual, Publicidad, Marketing",presencial,2026-08-17,OPEN,2026-07-18 01:33:33.041,Perú,La Libertad,JUNIOR,NOT_STARTED,True,RICAR,Diseño y Artes Gráficas
6a5ad973f29cb60fbededbf0,None,Practicante Profesional de Comunicaciones y Mercadeo,"Marketing, Comunicaciones y Comercial",presencial,2026-08-17,OPEN,2026-07-18 01:40:03.150,Perú,La Libertad,INTERNSHIP,NOT_STARTED,True,KSR Global,"Comercial, Ventas y Desarrollo de Negocios"
6a5addf4f29cb60fbededc9e,None,Asistente de diseño gráfico,"Diseño Gráfico, Comunicación Audiovisual, Publicidad, Marketing",presencial,2026-08-17,OPEN,2026-07-18 01:59:16.684,Perú,La Libertad,,NOT_STARTED,True,UPAO,Diseño y Artes Gráficas
6a5adfc0f29cb60fbededcb6,None,Asistente de Marketing,"Marketing, Comunicaciones y Comercial",presencial,2026-08-17,OPEN,2026-07-18 02:06:56.020,Perú,La Libertad,,NOT_STARTED,True,Grupo Tomonorte,"Comercial, Ventas y Desarrollo de Negocios"
6a5ae0d0f29cb60fbededcce,None,Ejecutivo de Ventas Industrial Campo,Comercial,presencial,2026-08-17,OPEN,2026-07-18 02:11:28.921,Perú,La Libertad,SENIOR,NOT_STARTED,True,WENCO S A,"Comercial, Ventas y Desarrollo de Negocios"
6a5ae1b0f29cb60fbededcda,None,Asesor Inmobiliario,Comercial,presencial,2026-08-17,OPEN,2026-07-18 02:15:12.663,Perú,La Libertad,JUNIOR,NOT_STARTED,True,Grupo Centenario,"Comercial, Ventas y Desarrollo de Negocios"
6a5ae279f29cb60fbededce6,None,Ejecutivo de Ventas B2B – Productos Eléctricos,Comercial,presencial,2026-08-17,OPEN,2026-07-18 02:18:33.732,Perú,La Libertad,JUNIOR,NOT_STARTED,True,Dartel Electricidad,"Comercial, Ventas y Desarrollo de Negocios"
6a5ae338f29cb60fbededcf2,None,Gestor comercial Financiero,Comercial,presencial,2026-08-17,OPEN,2026-07-18 02:21:44.887,Perú,La Libertad,JUNIOR,NOT_STARTED,True,COOPERATIVA DE AHORRO Y CREDITO SAN MIGUEL LTDA,"Comercial, Ventas y Desarrollo de Negocios"
6a5ae40df29cb60fbededcfe,None,Ejecutivo de Ventas - Norte Oriente Canal Tradicional,Comercial,presencial,2026-08-17,OPEN,2026-07-18 02:25:17.361,Perú,La Libertad,,NOT_STARTED,True,PQP PERU,"Comercial, Ventas y Desarrollo de Negocios"
6a5ae5e5f29cb60fbededd1e,None,Ejecutivo/a Banca Pyme Trujillo BCP,Comercial y Administración,presencial,2026-08-17,OPEN,2026-07-18 02:33:09.887,Perú,La Libertad,,NOT_STARTED,True,Adecco Perú S.A.,"Administración, Contabilidad y Finanzas"
6a5ae78df29cb60fbededd3b,None,ALMACENERO JR,Logística y Almacén,presencial,2026-08-16,OPEN,2026-07-18 02:40:13.170,Perú,Arequipa,,NOT_STARTED,True,CETEMIN,"Logística, Abastecimiento y Transporte"
6a5ae7f4f29cb60fbededd47,None,Asesor de Expansión,Comercial,presencial,2026-08-17,OPEN,2026-07-18 02:41:56.101,Perú,La Libertad,,NOT_STARTED,True,Bitel,"Comercial, Ventas y Desarrollo de Negocios"
6a5ae8d3f29cb60fbededd58,None,Analista de Créditos,Comercial,presencial,2026-08-17,OPEN,2026-07-18 02:45:39.391,Perú,La Libertad,,NOT_STARTED,True,Overall Strategy,"Comercial, Ventas y Desarrollo de Negocios"
6a5ae8f2f29cb60fbededd62,None,ASESOR DE NEGOCIOS,"Finanzas, Banca y Créditos",presencial,2026-08-07,CLOSED,2026-07-18 02:46:10.282,Perú,Arequipa,,NOT_STARTED,True,Caja Ica,"Administración, Contabilidad y Finanzas"
6a5aeabef29cb60fbededd81,None,Asistente de Operaciones,Logística,presencial,2026-08-08,CLOSED,2026-07-18 02:53:50.613,Perú,Arequipa,,NOT_STARTED,True,Universidad Tecnológica del Perú,"Logística, Abastecimiento y Transporte"
6a5aebb6f29cb60fbededd9a,None,Analista de Créditos Junior,Créditos y Cobranzas,presencial,2026-08-10,CLOSED,2026-07-18 02:57:58.510,Perú,Arequipa,,NOT_STARTED,True,Caja Cusco,Otros
6a5aec0cf29cb60fbededda4,None,Asistente comercial,Comercial,presencial,2026-08-17,OPEN,2026-07-18 02:59:24.949,Perú,La Libertad,,NOT_STARTED,True,GARC Asesoría Empresarial,"Comercial, Ventas y Desarrollo de Negocios"
6a5aed26f29cb60fbededdb2,None,Asesor(a) de Negocios,Comercial,presencial,2026-08-14,OPEN,2026-07-18 03:04:06.209,Perú,,,NOT_STARTED,True,Caja Huancayo,"Comercial, Ventas y Desarrollo de Negocios"
6a5aed43f29cb60fbededdbc,None,En Mibanco /Asistente de Negocios/ Asesor sin experiencia/ Prácticas /Comisión + Movilidad,Comercial y Administración,presencial,2026-08-17,OPEN,2026-07-18 03:04:35.875,Perú,La Libertad,INTERNSHIP,NOT_STARTED,True,ManpowerGroup,"Administración, Contabilidad y Finanzas"
6a5aee40f29cb60fbededdd1,None,Ejecutivo de Ventas Vehicular,Comercial,presencial,2026-08-15,OPEN,2026-07-18 03:08:48.510,Perú,Arequipa,,NOT_STARTED,True,BanBif,"Comercial, Ventas y Desarrollo de Negocios"
6a5aef42f29cb60fbededde7,None,Ejecutivo de Plataforma,Comercial,presencial,2026-08-15,OPEN,2026-07-18 03:13:06.042,Perú,Arequipa,,NOT_STARTED,True,ManpowerGroup,"Comercial, Ventas y Desarrollo de Negocios"
6a5aef84f29cb60fbededdf3,None,Practicante Profesional de División de Negocios,Negocios,presencial,2026-08-17,OPEN,2026-07-18 03:14:12.562,Perú,La Libertad,INTERNSHIP,NOT_STARTED,True,Caja Trujillo,"Comercial, Ventas y Desarrollo de Negocios"
6a5af02df29cb60fbededdfd,None,Administrador de Campamento,Logística y Abastecimiento,presencial,2026-08-16,OPEN,2026-07-18 03:17:01.599,Perú,Arequipa,,NOT_STARTED,True,ManpowerGroup,"Logística, Abastecimiento y Transporte"
6a5af112f29cb60fbedede0e,None,Analista de Créditos,Créditos y Cobranzas,presencial,2026-08-09,CLOSED,2026-07-18 03:20:50.392,Perú,Arequipa,,NOT_STARTED,True,Caja Arequipa,Otros
6a5af1aaf29cb60fbedede1c,None,Practicante Profesional de Negocios / Tayabamba,Negocios,presencial,2026-08-17,OPEN,2026-07-18 03:23:22.996,Perú,La Libertad,INTERNSHIP,NOT_STARTED,True,Caja Trujillo,"Comercial, Ventas y Desarrollo de Negocios"
6a5af238f29cb60fbedede28,None,Asistente de Facturación,Administración y Finanzas,presencial,2026-08-16,OPEN,2026-07-18 03:25:44.145,Perú,Arequipa,,NOT_STARTED,True,Grupo San Pablo,"Administración, Contabilidad y Finanzas"
6a5af2b1f29cb60fbedede2f,None,Practicante Profesional de Atención al Usuario,"Comercial, Administración y Marketing",presencial,2026-08-17,OPEN,2026-07-18 03:27:45.355,Perú,La Libertad,INTERNSHIP,NOT_STARTED,True,Caja Trujillo,"Administración, Contabilidad y Finanzas"
6a5af6e8f29cb60fbedede70,None,Analista de Existencias,Logística y Almacén,presencial,2026-08-15,OPEN,2026-07-18 03:45:44.562,Perú,Arequipa,,NOT_STARTED,True,Sodimac,"Logística, Abastecimiento y Transporte"
6a5af72bf29cb60fbedede8f,None,Practicante Profesional de Supervisión de Tiendas,Administración y Análisis de Datos,presencial,2026-08-17,OPEN,2026-07-18 03:46:51.858,Perú,La Libertad,INTERNSHIP,NOT_STARTED,True,Caja Trujillo,"Administración, Contabilidad y Finanzas"
6a5af7f5f29cb60fbededeaa,None,Analista de Crédito Individual,Créditos y Cobranzas,presencial,2026-08-07,CLOSED,2026-07-18 03:50:13.829,Perú,Arequipa,,NOT_STARTED,True,COOPAC KORI,Otros
6a5af8c8f29cb60fbededeb6,None,Ejecutivo Trade Execution,Comercial,presencial,2026-08-15,OPEN,2026-07-18 03:53:44.320,Perú,Arequipa,,NOT_STARTED,True,QROMA,"Comercial, Ventas y Desarrollo de Negocios"
6a5af99ff29cb60fbedededc,None,Practicante Profesional de Recursos Humanos,Ingeniería Industrial,presencial,2026-08-17,OPEN,2026-07-18 03:57:19.785,Perú,La Libertad,INTERNSHIP,NOT_STARTED,True,Chimu Agropecuaria,"Producción, Manufactura y Operaciones"
6a5af9f7f29cb60fbededee8,None,Ejecutivo Comercial,Comercial,presencial,2026-08-17,OPEN,2026-07-18 03:58:47.015,Perú,Arequipa,,NOT_STARTED,True,Transportes Cruz Del Sur S.A.C.,"Comercial, Ventas y Desarrollo de Negocios"
6a5afa8cf29cb60fbededef4,None,Practicante Profesional de Gestión Humana (Trujillo),"Ingeniería Industrial, Administración",presencial,2026-08-17,OPEN,2026-07-18 04:01:16.336,Perú,La Libertad,INTERNSHIP,NOT_STARTED,True,Grupo Pacasmayo,"Administración, Contabilidad y Finanzas"
6a5afb08f29cb60fbededefe,None,Admisionista / Admisión Ambulatoria,Administración,presencial,2026-08-17,OPEN,2026-07-18 04:03:20.170,Perú,Arequipa,,NOT_STARTED,True,Grupo San Pablo,"Administración, Contabilidad y Finanzas"
6a5afc0af29cb60fbededf17,None,Coordinador de Trade Marketing,Marketing,presencial,2026-08-06,CLOSED,2026-07-18 04:07:38.233,Perú,Arequipa,,NOT_STARTED,True,Yura S.A.,"Marketing, Publicidad y Comunicación"
6a5afd08f29cb60fbededf23,None,Gestor en Marketing Digital,Marketing,presencial,2026-08-16,OPEN,2026-07-18 04:11:52.410,Perú,Arequipa,,NOT_STARTED,True,SYPTELCORP S.A.C.,"Marketing, Publicidad y Comunicación"
6a5afe12f29cb60fbededf47,None,Ejecutivo de Trade Marketing,Marketing,presencial,2026-08-06,CLOSED,2026-07-18 04:16:18.887,Perú,Arequipa,,NOT_STARTED,True,Perufarma S.A.,"Marketing, Publicidad y Comunicación"
6a5aff0ef29cb60fbededf63,None,Practicante Profesional de Experiencia del Colaborador,Ingeniería Industrial,híbrido,2026-08-17,OPEN,2026-07-18 04:20:30.537,Perú,La Libertad,INTERNSHIP,NOT_STARTED,True,Caja Trujillo,"Producción, Manufactura y Operaciones"
6a5affd8f29cb60fbededf6f,None,Docente de Diseño,"Diseño, Docencia",presencial,2026-08-15,OPEN,2026-07-18 04:23:52.077,Perú,Arequipa,,NOT_STARTED,True,VISIVA,Otros
6a5b010df29cb60fbededf93,None,Publicista y marketing,"Marketing, Publicidad",presencial,2026-08-15,OPEN,2026-07-18 04:29:01.168,Perú,Arequipa,,NOT_STARTED,True,Remax Protección,"Marketing, Publicidad y Comunicación"
6a5b0217f29cb60fbededf9f,None,Ejecutivo de Marketing,"Marketing, Publicidad",presencial,2026-08-15,OPEN,2026-07-18 04:33:27.965,Perú,Arequipa,,NOT_STARTED,True,Falabella,"Marketing, Publicidad y Comunicación"
6a5b02e7f29cb60fbededfb7,None,Supervisor Comercial de Tecnología,Marketing,presencial,2026-08-17,OPEN,2026-07-18 04:36:55.393,Perú,Arequipa,,NOT_STARTED,True,Grupo Lucky,"Marketing, Publicidad y Comunicación"
6a5b06f8f29cb60fbededfc3,None,Analista QA funcional,Tecnología / TI,remoto,2026-08-08,CLOSED,2026-07-18 04:54:16.917,Perú,Arequipa,,NOT_STARTED,True,NTT DATA,"Tecnología, Sistemas y Telecomunicaciones"
6a5b07f1f29cb60fbededfdb,None,Administrador en Sitio (Soporte Técnico),"Tecnología / TI , Soporte Técnico",presencial,2026-08-16,OPEN,2026-07-18 04:58:25.310,Perú,Arequipa,,NOT_STARTED,True,ManpowerGroup,"Tecnología, Sistemas y Telecomunicaciones"
6a5b0a0bf29cb60fbededff3,None,Auditor Senior de Tecnologías de la Información,Auditoría TI / Gestión de Riesgos Tecnológicos,híbrido,2026-08-02,CLOSED,2026-07-18 05:07:23.444,Perú,Arequipa,,NOT_STARTED,True,Caja Cusco,"Administración, Contabilidad y Finanzas"
6a5b0b1bf29cb60fbededfff,None,Asistente De Soporte TI,Tecnología /Soporte Técnico,presencial,2026-08-16,OPEN,2026-07-18 05:11:55.213,Perú,Arequipa,,NOT_STARTED,True,Caja Arequipa,"Tecnología, Sistemas y Telecomunicaciones"
6a5b0c21f29cb60fbedee017,None,Asistente de Canales,Tecnología / TI,presencial,2026-08-16,OPEN,2026-07-18 05:16:17.667,Perú,Arequipa,,NOT_STARTED,True,Caja Arequipa,"Tecnología, Sistemas y Telecomunicaciones"
6a5b0d3cf29cb60fbedee023,None,Analista Senior de Mantención y Desarrollo de Sistemas,Tecnología / TI,presencial,2026-08-16,OPEN,2026-07-18 05:21:00.879,Perú,Arequipa,,NOT_STARTED,True,Caja Arequipa,"Tecnología, Sistemas y Telecomunicaciones"
6a5b0e9af29cb60fbedee05f,None,Senior de Respuesta a Incidentes,Tecnología / TI,presencial,2026-08-16,OPEN,2026-07-18 05:26:50.564,Perú,Arequipa,,NOT_STARTED,True,Caja Arequipa,"Tecnología, Sistemas y Telecomunicaciones"
6a5b0fcaf29cb60fbedee06b,None,Analista de Ciberseguridad,"Tecnología / TI, CIberseguridad",presencial,2026-08-16,OPEN,2026-07-18 05:31:54.872,Perú,Arequipa,,NOT_STARTED,True,Caja Arequipa,"Tecnología, Sistemas y Telecomunicaciones"
6a5b1084f29cb60fbedee077,None,Java Developer (Microservicios),Tecnología / TI,remoto,2026-08-14,OPEN,2026-07-18 05:35:00.086,Perú,Arequipa,,NOT_STARTED,True,NTT DATA,"Tecnología, Sistemas y Telecomunicaciones"
6a5b117ef29cb60fbedee083,None,Jefe de Recursos Humanos,Recursos Humanos o Administración,presencial,2026-08-14,OPEN,2026-07-18 05:39:10.454,Perú,Arequipa,,NOT_STARTED,True,Eurofirms,"Administración, Contabilidad y Finanzas"
6a5b127df29cb60fbedee08f,None,Auxiliar de Reclutamiento y selección,"Recursos Humanos , Administración o Psicología",presencial,2026-08-15,OPEN,2026-07-18 05:43:25.135,Perú,Arequipa,,NOT_STARTED,True,Los Andes,"Administración, Contabilidad y Finanzas"
6a5b138df29cb60fbedee0b3,None,Coordinador(a) de Reclutamiento y Selección,"Recursos Humanos , Administración o Psicología",presencial,2026-08-05,CLOSED,2026-07-18 05:47:57.616,Perú,Arequipa,,NOT_STARTED,True,Laboratorios Portugal,"Administración, Contabilidad y Finanzas"
6a5b14f2f29cb60fbedee0bf,None,Supervisor SSOMA,"Seguridad, Salud Ocupacional y Medio Ambiente (SSOMA)",presencial,2026-08-10,CLOSED,2026-07-18 05:53:55.255,Perú,Arequipa,,NOT_STARTED,True,Komatsu Mitsui,"Salud, Medicina y Farmacia"
6a5b15aaf29cb60fbedee0cb,None,Supervisor de seguridad para sector minero,"Seguridad, Salud Ocupacional y Medio Ambiente (SSOMA)",presencial,2026-08-16,OPEN,2026-07-18 05:56:58.901,Perú,Arequipa,,NOT_STARTED,True,ManpowerGroup,"Salud, Medicina y Farmacia"
6a5b1683f29cb60fbedee0d7,None,Técnico de Equipos Renta,Mantenimiento de Maquinaria Pesada,presencial,2026-08-08,CLOSED,2026-07-18 06:00:36.003,Perú,Arequipa,,NOT_STARTED,True,Komatsu Mitsui,Mantenimiento y Reparaciones Técnicas
6a5b1777f29cb60fbedee0ef,None,Jefe de Operaciones,Mantenimiento y Operaciones Industriales,presencial,2026-08-09,CLOSED,2026-07-18 06:04:39.910,Perú,Arequipa,,NOT_STARTED,True,Komatsu Mitsui,Mantenimiento y Reparaciones Técnicas
6a5b18abf29cb60fbedee0fb,None,Supervisor(a) técnico / Sector Energético,"Electricidad Industrial, Electrotecnia o Electricidad",presencial,2026-08-14,OPEN,2026-07-18 06:09:47.428,Perú,Arequipa,,NOT_STARTED,True,ManpowerGroup,Otros
6a5b19fef29cb60fbedee107,None,Jefe de Turno Mina,Operaciones Mineras,presencial,2026-08-12,CLOSED,2026-07-18 06:15:26.744,Perú,Arequipa,,NOT_STARTED,True,Compañía de Minas Buenaventura,"Producción, Manufactura y Operaciones"
6a5b1ac0f29cb60fbedee12b,None,Ingeniero de Planeamiento,Minería,presencial,2026-08-12,CLOSED,2026-07-18 06:18:40.707,Perú,Arequipa,,NOT_STARTED,True,Compañía de Minas Buenaventura,"Minería, Petróleo, Energía y Gas"
6a5b1bdef29cb60fbedee14f,None,Ingeniero Geologo - Unidad Minera,Geología Minera/Mineria,presencial,2026-08-16,OPEN,2026-07-18 06:23:26.664,Perú,Arequipa,,NOT_STARTED,True,Sierra Sun Group S.A.C.,"Minería, Petróleo, Energía y Gas"
6a5b1d73f29cb60fbedee173,None,Inspector Control de Calidad,Control de Calidad en Planta / Calidad Alimentaria,presencial,2026-08-13,CLOSED,2026-07-18 06:30:11.377,Perú,Arequipa,,NOT_STARTED,True,Grupo Gloria,Otros
6a5b1eb0f29cb60fbedee197,None,Jefe/a de Producción Agrícola - Cítricos,Agronomía y Producción Agrícola,presencial,2026-08-17,OPEN,2026-07-18 06:35:28.224,Perú,Arequipa,,NOT_STARTED,True,Camposol,"Agricultura, Ganadería y Agroindustria"
6a5b211ff29cb60fbedee1bb,None,Operador de Reactivos,Operaciones Mineras,presencial,2026-08-15,OPEN,2026-07-18 06:45:51.887,Perú,Arequipa,,NOT_STARTED,True,Minera Bateas,"Producción, Manufactura y Operaciones"
6a5b742db76b94497b2d3a6e,None,Asesor Financiero Senior (Productos de Inversión),Finanzas,híbrido,2026-08-17,OPEN,2026-07-18 12:40:13.938,Perú,La Libertad,SENIOR,NOT_STARTED,True,Rimac Cia de Seguros y Reaseguros S.A.,"Administración, Contabilidad y Finanzas"
6a5b755eb76b94497b2d3a7a,None,Jefe de Almacén,"Ingeniería Industrial, Administración",presencial,2026-08-17,OPEN,2026-07-18 12:45:18.578,Perú,La Libertad,,NOT_STARTED,True,Dacia Trading S.A.C.,"Administración, Contabilidad y Finanzas"
6a5b768db76b94497b2d3a86,None,Sub Administrador de Tienda / Tai Loy Provincia,"Administración, Finanzas y Contabilidad",presencial,2026-08-17,OPEN,2026-07-18 12:50:21.401,Perú,La Libertad,,NOT_STARTED,True,TAY LOY S.A.,"Administración, Contabilidad y Finanzas"
6a5b78ffb76b94497b2d3aa6,None,Practicante Profesional de Tesorería,"Administración, Finanzas, Contabilidad",presencial,2026-08-17,OPEN,2026-07-18 13:00:47.091,Perú,La Libertad,INTERNSHIP,NOT_STARTED,True,Danper Trujillo SAC,"Administración, Contabilidad y Finanzas"
6a5b7a09b76b94497b2d3abe,None,Practicante Profesional de Contabilidad,Contabilidad,presencial,2026-08-17,OPEN,2026-07-18 13:05:13.354,Perú,La Libertad,INTERNSHIP,NOT_STARTED,True,Caja Trujillo,"Administración, Contabilidad y Finanzas"
6a5b7b92b76b94497b2d3ad6,None,Programador Power platform,Desarrollo de Software,presencial,2026-08-17,OPEN,2026-07-18 13:11:46.045,Perú,La Libertad,JUNIOR,NOT_STARTED,True,NTT DATA,"Tecnología, Sistemas y Telecomunicaciones"
6a5b7d1cb76b94497b2d3aec,None,Operador Gloria,Operaciones,presencial,2026-08-17,OPEN,2026-07-18 13:18:20.163,Perú,La Libertad,,NOT_STARTED,True,Grupo Gloria,"Producción, Manufactura y Operaciones"
6a5b7e0bb76b94497b2d3af8,None,Practicante Profesional de Arquitectura,Arquitectura,presencial,2026-08-17,OPEN,2026-07-18 13:22:19.922,Perú,La Libertad,INTERNSHIP,NOT_STARTED,True,Universidad César Vallejo,"Arquitectura, Diseño de Interiores y Decoración"
6a5b7ed9b76b94497b2d3b04,None,Practicante Profesional de Estadistica/Informática/industrial,Ingeniería Industrial y Operaciones,presencial,2026-08-17,OPEN,2026-07-18 13:25:45.732,Perú,La Libertad,INTERNSHIP,NOT_STARTED,True,Danper Trujillo SAC,"Producción, Manufactura y Operaciones"
6a5b7fccb76b94497b2d3b24,None,Practicante Profesional de Planificación y Control de la Producción,Ingeniería Industrial y Operaciones,presencial,2026-08-17,OPEN,2026-07-18 13:29:48.595,Perú,La Libertad,INTERNSHIP,NOT_STARTED,True,Danper Trujillo SAC,"Producción, Manufactura y Operaciones"
6a5b80c4b76b94497b2d3b30,None,Practicante Profesional de Procesos,Ingeniería Industrial y Operaciones,presencial,2026-08-17,OPEN,2026-07-18 13:33:56.106,Perú,La Libertad,INTERNSHIP,NOT_STARTED,True,Clínica Sanchez Ferrer,"Producción, Manufactura y Operaciones"
6a5b81bfb76b94497b2d3b41,None,Técnico de Soporte TI,Tecnología de la Información (TI),presencial,2026-08-17,OPEN,2026-07-18 13:38:07.853,Perú,La Libertad,,NOT_STARTED,True,Compured S.A.C.,"Tecnología, Sistemas y Telecomunicaciones"
6a5b861bb76b94497b2d3bed,None,Admisiónista Hospitalaria Asistencial,Personal Asistencial - Administrativo,presencial,2026-08-17,OPEN,2026-07-18 13:56:43.722,Perú,La Libertad,,NOT_STARTED,True,Clínica Sanchez Ferrer,Otros
6a5b86dbb76b94497b2d3bf9,None,Practicante Profesional de Tecnología de la Información,Tecnología de la Información (TI),presencial,2026-08-17,OPEN,2026-07-18 13:59:55.004,Perú,La Libertad,INTERNSHIP,NOT_STARTED,True,Caja Trujillo,"Tecnología, Sistemas y Telecomunicaciones"
6a5b87a5b76b94497b2d3c05,None,Mecánico de Perforación / Minería,Minería,presencial,2026-08-17,OPEN,2026-07-18 14:03:17.536,Perú,La Libertad,,NOT_STARTED,True,Adecco Perú S.A.,"Minería, Petróleo, Energía y Gas"
6a5b8931b76b94497b2d3c11,None,Instrumentista mineria / Regimen 14x7 Trujillo,Minería,presencial,2026-08-17,OPEN,2026-07-18 14:09:53.931,Perú,La Libertad,,NOT_STARTED,True,Mantenimiento e Ingenieria Industrial S.R.L.,"Minería, Petróleo, Energía y Gas"
6a5b89efb76b94497b2d3c1d,None,Ingeniero Seguridad Interior Mina,Minería,presencial,2026-08-17,OPEN,2026-07-18 14:13:03.822,Perú,La Libertad,,NOT_STARTED,True,Rock Drill Cont. Civ. y Mineros S.A.C.,"Minería, Petróleo, Energía y Gas"
6a5b8ac2b76b94497b2d3c27,None,Técnico mecánico automotriz en GNV y GLP (Trujillo),Mantenimiento Industrial,presencial,2026-08-17,OPEN,2026-07-18 14:16:34.542,Perú,La Libertad,JUNIOR,NOT_STARTED,True,AC.STAG S.A.C.,Mantenimiento y Reparaciones Técnicas
6a5b8bf3b76b94497b2d3c33,None,Asistente técnico de Maquinaria pesada,Mantenimiento Industrial,presencial,2026-08-17,OPEN,2026-07-18 14:21:39.923,Perú,La Libertad,,NOT_STARTED,True,Bectek,Mantenimiento y Reparaciones Técnicas
6a5b8d7fb76b94497b2d3c3f,None,Técnico de Mantenimiento ATM Motorizado para Trujillo,Operaciones y Soporte Técnico en Campo,presencial,2026-08-17,OPEN,2026-07-18 14:28:15.006,Perú,La Libertad,,NOT_STARTED,True,Prosegur,"Producción, Manufactura y Operaciones"
6a5b8e88b76b94497b2d3c5a,None,Técnico Mecánico Junior,Producción y Mantenimiento de Planta,presencial,2026-08-17,OPEN,2026-07-18 14:32:40.761,Perú,La Libertad,JUNIOR,NOT_STARTED,True,PESCO PERU SAC,Mantenimiento y Reparaciones Técnicas
6a5b8f7fb76b94497b2d3c66,None,Practicante Profesional de SST,Seguridad Integral / SST,presencial,2026-08-17,OPEN,2026-07-18 14:36:47.440,Perú,La Libertad,INTERNSHIP,NOT_STARTED,True,CARTAVIO RUM COMPANY S.A.C.,Otros
6a5b9040b76b94497b2d3c72,None,Practicante de Laboratorio de I+D,"Investigación, Desarrollo e Innovación",presencial,2026-08-17,OPEN,2026-07-18 14:40:00.252,Perú,La Libertad,INTERNSHIP,NOT_STARTED,True,Grupo Pacasmayo,Otros
6a5b91bab76b94497b2d3c7e,None,Practicante Profesional de experiencia al cliente (Arquitecto(a) Y Diseñador(a) de Interiores),Área Comercial y de Asesoría en Diseño,presencial,2026-08-17,OPEN,2026-07-18 14:46:18.312,Perú,La Libertad,INTERNSHIP,NOT_STARTED,True,Eurofirms,"Comercial, Ventas y Desarrollo de Negocios"
6a5c2bde43c1d2ebdc9c2358,69f67313b4b12206613dcb44,Community Manager & Growth Assistant (Marketing Digital),Marketing Digital,remoto,2026-07-31,CLOSED,2026-07-19 01:43:58.586,,,TRAINEE,NOT_STARTED,False,,"Marketing, Publicidad y Comunicación"
6a5db3bdbbe87f62ca85ca6b,None,Home office! Practicantes de Marketing Digital,Marketing,remoto,2026-08-19,OPEN,2026-07-20 05:35:57.116,Perú,Lima,INTERNSHIP,NOT_STARTED,True,TALENTHIA CONSULTING S.A.C.,"Marketing, Publicidad y Comunicación"
6a5db452bbe87f62ca85ca7c,None,Practicante de Marketing Digital y Atención al Cliente,Marketing,presencial,2026-08-19,OPEN,2026-07-20 05:38:26.795,Perú,Lima,INTERNSHIP,NOT_STARTED,True,Ciro Digital Marketing,"Marketing, Publicidad y Comunicación"
6a5db523bbe87f62ca85ca8d,None,Practicante Ad Honorem de Recursos Humanos o Marketing,Marketing,remoto,2026-08-19,OPEN,2026-07-20 05:41:55.139,Perú,Lima,INTERNSHIP,NOT_STARTED,True,Grupo Odisea,"Marketing, Publicidad y Comunicación"
6a5db55dbbe87f62ca85ca9e,None,Practicante Profesional de Marketing / Retail,Marketing,remoto,2026-08-19,OPEN,2026-07-20 05:42:53.348,Perú,Lima,INTERNSHIP,NOT_STARTED,True,ManpowerGroup,"Marketing, Publicidad y Comunicación"
6a5db59bbbe87f62ca85caaf,None,Practicante Community Manager/Marketing/comunicaciones,Marketing,presencial,2026-08-19,OPEN,2026-07-20 05:43:55.034,Perú,Lima,INTERNSHIP,NOT_STARTED,True,Dialoga mkt,"Marketing, Publicidad y Comunicación"
6a5db5e1bbe87f62ca85cac0,None,Practicante de Marketing (Contenido y Producción),Marketing,presencial,2026-08-19,OPEN,2026-07-20 05:45:05.128,Perú,Lima,INTERNSHIP,NOT_STARTED,True,Lince Oftalmomedic,"Marketing, Publicidad y Comunicación"
6a5db613bbe87f62ca85cacf,None,Practicante Pre Profesional Marketing,Marketing,presencial,2026-08-19,OPEN,2026-07-20 05:45:55.093,Perú,Lima,INTERNSHIP,NOT_STARTED,True,Gabrica S.A.C,"Marketing, Publicidad y Comunicación"
6a5db65fbbe87f62ca85cade,None,Practicante Pre Profesional de Marketing,Marketing,presencial,2026-08-19,OPEN,2026-07-20 05:47:11.455,Perú,Lima,INTERNSHIP,NOT_STARTED,True,ARTESCO S.A.,"Marketing, Publicidad y Comunicación"
6a5db696bbe87f62ca85caed,None,Practicante Profesional Marketing/Egresado/Bachiller para trabajar en Ate,Marketing,presencial,2026-08-19,OPEN,2026-07-20 05:48:06.920,Perú,Lima,INTERNSHIP,NOT_STARTED,True,Importante Empresa en el sector,"Marketing, Publicidad y Comunicación"
6a5db6bbbbe87f62ca85cb01,None,Practicante / Asistente de Marketing,Marketing,presencial,2026-08-19,OPEN,2026-07-20 05:48:43.303,Perú,Lima,INTERNSHIP,NOT_STARTED,True,H&T Med Dent SAC,"Marketing, Publicidad y Comunicación"
6a5db70abbe87f62ca85cb10,None,Practicante de Marketing,Marketing,remoto,2026-08-19,OPEN,2026-07-20 05:50:02.251,Perú,Lima,INTERNSHIP,NOT_STARTED,True,Editor de Video BRAVIA SOLUCIONES S.A.C.,"Marketing, Publicidad y Comunicación"
6a5db75cbbe87f62ca85cb1f,None,Practicante Comercial/Marketing,Marketing,remoto,2026-08-19,OPEN,2026-07-20 05:51:24.536,Perú,Lima,INTERNSHIP,NOT_STARTED,True,farmaval Peru SA,"Marketing, Publicidad y Comunicación"
6a5db779bbe87f62ca85cb2e,None,Practicante Pre Profesional de Marketing – Rubro Automotriz,Marketing,presencial,2026-08-19,OPEN,2026-07-20 05:51:53.627,Perú,Lima,INTERNSHIP,NOT_STARTED,True,COBERTORES PERU S.A.C.,"Marketing, Publicidad y Comunicación"
6a5db7a9bbe87f62ca85cb41,None,Practicante Pre. Profesional de Comercial y Marketing,Marketing,presencial,2026-08-19,OPEN,2026-07-20 05:52:41.387,Perú,Lima,INTERNSHIP,NOT_STARTED,True,Presencial Comas EDIVA SOCIEDAD ANONIMA CERRADA,"Marketing, Publicidad y Comunicación"
6a5db7c3bbe87f62ca85cb50,None,Practicante de Marketing (Recién Egresado),Marketing,remoto,2026-08-19,OPEN,2026-07-20 05:53:07.220,Perú,Lima,INTERNSHIP,NOT_STARTED,True,ManpowerGroup,"Marketing, Publicidad y Comunicación"
6a5db808bbe87f62ca85cb5f,None,Practicante Ad Honorem de Marketing Digital y Creación de Contenido,Marketing,presencial,2026-08-19,OPEN,2026-07-20 05:54:16.049,Perú,Lima,INTERNSHIP,NOT_STARTED,True,Importante Empresa en el sector,"Marketing, Publicidad y Comunicación"
6a5db828bbe87f62ca85cb82,None,Practicante Profesional de Marketing,Marketing,remoto,2026-08-19,OPEN,2026-07-20 05:54:48.559,Perú,Lima,INTERNSHIP,NOT_STARTED,True,EXPERTISE PERÚ,"Marketing, Publicidad y Comunicación"
6a5db861bbe87f62ca85cb91,None,Practicante Profesional de Marketing,Marketing,híbrido,2026-08-19,OPEN,2026-07-20 05:55:45.679,Perú,Lima,INTERNSHIP,NOT_STARTED,True,Universidad Peruana Cayetano Heredia,"Marketing, Publicidad y Comunicación"
6a5dbb8fbbe87f62ca85cc04,None,Practicante Profesional de Operaciones S/1300 / Exp en Power BI / Trade Marketing,Marketing,remoto,2026-08-19,OPEN,2026-07-20 06:09:19.748,Perú,Lima,INTERNSHIP,NOT_STARTED,True,Adecco Perú S.A.,"Marketing, Publicidad y Comunicación"
6a5dbbd2bbe87f62ca85cc13,None,Practicante Profesional de Sales y Marketing / Convenio de Practicas / Hibrido / Trade Marketing,Marketing,remoto,2026-08-19,OPEN,2026-07-20 06:10:26.935,Perú,Lima,INTERNSHIP,NOT_STARTED,True,Adecco Perú S.A.,"Marketing, Publicidad y Comunicación"
6a5dbc01bbe87f62ca85cc22,None,Practicante Profesional de Marketing,Marketing,presencial,2026-08-19,OPEN,2026-07-20 06:11:13.442,Perú,Lima,INTERNSHIP,NOT_STARTED,True,LEADER PERU GROUP S.A.C.,"Marketing, Publicidad y Comunicación"
6a5dbc37bbe87f62ca85cc31,None,Practicante Profesional de Eventos(Marketing),Marketing,presencial,2026-08-19,OPEN,2026-07-20 06:12:07.101,Perú,Lima,INTERNSHIP,NOT_STARTED,True,Universidad Privada Norbert Wiener,"Marketing, Publicidad y Comunicación"
6a5dbc89bbe87f62ca85cc3d,None,Practicante de Marketing Digital,Marketing,remoto,2026-08-19,OPEN,2026-07-20 06:13:29.198,Perú,Lima,INTERNSHIP,NOT_STARTED,True,FORZA BUSINESS CORP E.I.R.L.,"Marketing, Publicidad y Comunicación"
6a5dbcb0bbe87f62ca85cc4c,None,Practicante de Marketing y Contenidos,Marketing,presencial,2026-08-19,OPEN,2026-07-20 06:14:08.538,Perú,Lima,INTERNSHIP,NOT_STARTED,True,RH BUSINESS,"Marketing, Publicidad y Comunicación"
6a5dbcf2bbe87f62ca85cc5b,None,Practicante para canal moderno/ Trade Marketing/ Consumo masivo,Marketing,híbrido,2026-08-19,OPEN,2026-07-20 06:15:14.723,Perú,Lima,INTERNSHIP,NOT_STARTED,True,Adecco Perú S.A.,"Marketing, Publicidad y Comunicación"
6a5dbd1dbbe87f62ca85cc6a,None,Practicante de Marketing,Marketing,presencial,2026-08-19,OPEN,2026-07-20 06:15:57.984,Perú,Lima,INTERNSHIP,NOT_STARTED,True,Runway 7 Fashion,"Marketing, Publicidad y Comunicación"
6a5dbd5abbe87f62ca85cc79,None,"Practicante Profesional de Administración, Marketing o Ingeniería Industrial",Marketing,híbrido,2026-08-19,OPEN,2026-07-20 06:16:58.374,Perú,Lima,INTERNSHIP,NOT_STARTED,True,Grupo Valora,"Marketing, Publicidad y Comunicación"
6a5dbd83bbe87f62ca85cc88,None,Practicante de marketing y comunicaciones,Marketing,presencial,2026-08-19,OPEN,2026-07-20 06:17:39.474,Perú,Lima,INTERNSHIP,NOT_STARTED,True,Importante Empresa en el sector,"Marketing, Publicidad y Comunicación"
6a5dbdb1bbe87f62ca85cc97,None,practicante de márketing,Marketing,presencial,2026-08-19,OPEN,2026-07-20 06:18:25.374,Perú,Lima,INTERNSHIP,NOT_STARTED,True,MUNDO CHINO RODRIGUEZ M & J S.A.C.S,"Marketing, Publicidad y Comunicación"
6a5dbdf6bbe87f62ca85cca6,None,empleo a practicante en marketing ventas jovem zona huachipa,Marketing,presencial,2026-08-19,OPEN,2026-07-20 06:19:34.135,Perú,Lima,INTERNSHIP,NOT_STARTED,True,manejo en facturacion guias y cotizaciones miyasa,"Marketing, Publicidad y Comunicación"
6a5dbe29bbe87f62ca85ccb5,None,Practicante de Marketing,Marketing,remoto,2026-08-19,OPEN,2026-07-20 06:20:25.807,Perú,Lima,INTERNSHIP,NOT_STARTED,True,GM COMUNICACIONES,"Marketing, Publicidad y Comunicación"
6a5dbe53bbe87f62ca85ccc4,None,Practicante o Egresados de Marketing,Marketing,remoto,2026-08-19,OPEN,2026-07-20 06:21:07.902,Perú,Lima,INTERNSHIP,NOT_STARTED,True,HILFREICH CABRERA NAOMI ADRIANA,"Marketing, Publicidad y Comunicación"
6a5dbef7bbe87f62ca85ccd3,None,Practicante Marketing Digital y Edición de Contenidos,Marketing,presencial,2026-08-19,OPEN,2026-07-20 06:23:51.349,Perú,Lima,INTERNSHIP,NOT_STARTED,True,COMERCIALIZADORA DE PRODUCTOS NATURALES NUTRIMIX,"Marketing, Publicidad y Comunicación"
6a5dbf70bbe87f62ca85ccdf,None,Practicante profesional en marketing digital,Marketing,presencial,2026-08-19,OPEN,2026-07-20 06:25:52.941,Perú,Lima,INTERNSHIP,NOT_STARTED,True,Casa Center Importaciones,"Marketing, Publicidad y Comunicación"
6a5dbfb5bbe87f62ca85ccf5,None,Practicante - Marketing Comercial,Marketing,presencial,2026-08-19,OPEN,2026-07-20 06:27:01.423,Perú,Lima,INTERNSHIP,NOT_STARTED,True,Marketing Comercial Vibrandina,"Marketing, Publicidad y Comunicación"
6a5dc0efbbe87f62ca85cd04,None,practicante de márketing y redes,Marketing,remoto,2026-08-19,OPEN,2026-07-20 06:32:15.790,Perú,Lima,INTERNSHIP,NOT_STARTED,True,INVERSIONES Y SERVICIOS HAIKLU SOCIEDAD ANONIMA CERRADA,"Marketing, Publicidad y Comunicación"
6a5dc1d4bbe87f62ca85cd1f,None,practicante de márketing,Marketing,presencial,2026-08-19,OPEN,2026-07-20 06:36:04.788,Perú,Lima,INTERNSHIP,NOT_STARTED,True,DISTRIBUIDORA SPORT AIR RUNNING S.A.C.,"Marketing, Publicidad y Comunicación"
6a5dc21abbe87f62ca85cd2b,None,Practicante de Marketing Publicitario y Desarrollo Comercial,Marketing,remoto,2026-08-19,OPEN,2026-07-20 06:37:14.535,Perú,Lima,INTERNSHIP,NOT_STARTED,True,EGEP,"Marketing, Publicidad y Comunicación"
6a5dc262bbe87f62ca85cd3a,None,Practicante de audiovisuales y marketing,Marketing,presencial,2026-08-19,OPEN,2026-07-20 06:38:26.718,Perú,Lima,INTERNSHIP,NOT_STARTED,True,CoyoteInline,"Marketing, Publicidad y Comunicación"
6a5dc2aabbe87f62ca85cd49,None,Practicante de Marketing Deportivo,Marketing,remoto,2026-08-19,OPEN,2026-07-20 06:39:38.346,Perú,Lima,INTERNSHIP,NOT_STARTED,True,LA SIE7E,"Marketing, Publicidad y Comunicación"
6a5dc2e3bbe87f62ca85cd58,None,practicante de publicidad y marketing,Marketing,remoto,2026-08-19,OPEN,2026-07-20 06:40:35.483,Perú,Lima,INTERNSHIP,NOT_STARTED,True,segecor,"Marketing, Publicidad y Comunicación"
6a5dc323bbe87f62ca85cd67,None,Practicante / Egresado de Marketing y Contenido Audiovisual,Marketing,presencial,2026-08-19,OPEN,2026-07-20 06:41:39.252,Perú,Lima,INTERNSHIP,NOT_STARTED,True,MOOBIZ CORP SAC,"Marketing, Publicidad y Comunicación"
6a5dc350bbe87f62ca85cd76,None,Practicante de producción audiovisual,Marketing,presencial,2026-08-19,OPEN,2026-07-20 06:42:24.897,Perú,Lima,INTERNSHIP,NOT_STARTED,True,Marketing digital y Redes sociales MR CHARMY,"Marketing, Publicidad y Comunicación"
6a5dc394bbe87f62ca85cd82,None,practicante de márketing,Marketing,presencial,2026-08-19,OPEN,2026-07-20 06:43:32.580,Perú,Lima,INTERNSHIP,NOT_STARTED,True,SERVICIOS LOGISTICOS,"Marketing, Publicidad y Comunicación"
6a5e8f6a9e10ebf257a0b826,None,Asistente De Activo Fijo,Administración y Finanzas,presencial,2026-08-17,OPEN,2026-07-20 21:13:14.463,Perú,Arequipa,,NOT_STARTED,True,Caja Arequipa,"Administración, Contabilidad y Finanzas"
6a5e8fd19e10ebf257a0b832,None,En Mibanco /Asistente de Negocios/ Asesor sin experiencia/ Prácticas /,Comercial,presencial,2026-08-19,OPEN,2026-07-20 21:14:57.194,Perú,La Libertad,INTERNSHIP,NOT_STARTED,True,ManpowerGroup,"Comercial, Ventas y Desarrollo de Negocios"
6a5e91c59e10ebf257a0b83e,None,Asistente de Contabilidad,Administración y Finanzas,presencial,2026-08-20,OPEN,2026-07-20 21:23:17.196,Perú,Arequipa,,NOT_STARTED,True,Consejeros & Corredores de Seguros S.A.,"Administración, Contabilidad y Finanzas"
6a5e91d09e10ebf257a0b845,None,Prácticas profesionales/ Asesor de Negocios en Formación Trujillo,Comercial,presencial,2026-08-20,OPEN,2026-07-20 21:23:28.818,Perú,La Libertad,INTERNSHIP,NOT_STARTED,True,Financiera QAPAQ,"Comercial, Ventas y Desarrollo de Negocios"
6a5e93389e10ebf257a0b854,None,PROMOTOR DE SERVICIOS,Banca y Finanzas,presencial,2026-08-20,OPEN,2026-07-20 21:29:28.807,Perú,Arequipa,,NOT_STARTED,True,Grupo Scotiabank,"Administración, Contabilidad y Finanzas"
6a5e94409e10ebf257a0b85e,None,Business Development Executive,Comercial,presencial,2026-08-20,OPEN,2026-07-20 21:33:52.988,Perú,Arequipa,,NOT_STARTED,True,Ransa Comercial S.A.C.,"Comercial, Ventas y Desarrollo de Negocios"
6a5e96539e10ebf257a0b89a,None,Practicante Pre Profesional RRHH,Recursos Humanos,presencial,2026-08-19,OPEN,2026-07-20 21:42:43.732,Perú,La Libertad,INTERNSHIP,NOT_STARTED,True,CALL PERU S.A.C.,Recursos Humanos y Capacitación
6a5e96999e10ebf257a0b8a1,None,Analista de Finanzas,Finanzas,presencial,2026-08-18,OPEN,2026-07-20 21:43:53.254,Perú,Arequipa,,NOT_STARTED,True,VIVEINCO S.A.C.,"Administración, Contabilidad y Finanzas"
6a5e98039e10ebf257a0b8c8,None,Asistente Administrativo,Administración y Oficina,presencial,2026-08-07,CLOSED,2026-07-20 21:49:55.030,Perú,Arequipa,,NOT_STARTED,True,LIDER GRUPO CONSTRUCTOR,"Administración, Contabilidad y Finanzas"
6a5e99529e10ebf257a0b8d4,None,Supervisor Transporte Concentrados,Logística y Cadena de Suministro,presencial,2026-08-17,OPEN,2026-07-20 21:55:30.014,Perú,Arequipa,,NOT_STARTED,True,SOCIEDAD MINERA CERRO VERDE S.A.A.,"Logística, Abastecimiento y Transporte"
6a5e9b129e10ebf257a0b8e0,None,Gestor Junior de Inteligencia Empresarial,Administración y Finanzas,presencial,2026-08-18,OPEN,2026-07-20 22:02:58.193,Perú,Arequipa,,NOT_STARTED,True,Compañía Minera Sol de los Andes S.A.C.,"Administración, Contabilidad y Finanzas"
6a5e9c459e10ebf257a0b8ee,None,Analista de Inteligencia Empresarial,Administración,presencial,2026-08-18,OPEN,2026-07-20 22:08:05.833,Perú,Arequipa,,NOT_STARTED,True,Compañía Minera Sol de los Andes S.A.C.,"Administración, Contabilidad y Finanzas"
6a5e9dc59e10ebf257a0b906,None,Account Manager – Productos de Desgaste,Comercial,presencial,2026-08-14,OPEN,2026-07-20 22:14:29.853,Perú,Arequipa,,NOT_STARTED,True,BLEXIM,"Comercial, Ventas y Desarrollo de Negocios"
6a5e9f449e10ebf257a0b92a,None,Encargada de Marketing,Marketing,presencial,2026-08-20,OPEN,2026-07-20 22:20:52.892,Perú,Arequipa,,NOT_STARTED,True,Universia Brasil,"Marketing, Publicidad y Comunicación"
6a5ea5cb9e10ebf257a0b969,None,Analista de Automatización,Business Intelligence,presencial,2026-08-15,OPEN,2026-07-20 22:48:43.755,Perú,Arequipa,,NOT_STARTED,True,UNIVERSIDAD CATÓLICA SAN PABLO,Otros
6a5eb3ef9e10ebf257a0b970,None,"Practicante Profesional Operaciones ,Trujillo,Egresado(a)",Operaciones,presencial,2026-08-19,OPEN,2026-07-20 23:49:03.386,Perú,La Libertad,INTERNSHIP,NOT_STARTED,True,EULEN del Perú,"Producción, Manufactura y Operaciones"
6a5eb5e09e10ebf257a0b984,None,Practicante Profesional de Arquitectura Trujillo,Arquitectura y Diseño,presencial,2026-08-19,OPEN,2026-07-20 23:57:20.577,Perú,La Libertad,INTERNSHIP,NOT_STARTED,True,Eurofirms,"Arquitectura, Diseño de Interiores y Decoración"
6a5eb6fc9e10ebf257a0b995,None,Aprendiz Operador de Maquina Industrial/(Técnicos recíen egresados),Operaciones,presencial,2026-08-19,OPEN,2026-07-21 00:02:04.367,Perú,La Libertad,,NOT_STARTED,True,Hortifrut Perú S.A.C.,"Producción, Manufactura y Operaciones"
6a5ebaf69e10ebf257a0b9b4,None,Practicante de Marketing.,Marketing,presencial,2026-08-20,OPEN,2026-07-21 00:19:02.928,Perú,Lima,INTERNSHIP,NOT_STARTED,True,DECO SKY PERU S.A.C.,"Marketing, Publicidad y Comunicación"
6a5ebb379e10ebf257a0b9c3,None,Practicante creacion de contenido / Marketing Digital PART TIME,Marketing,presencial,2026-08-20,OPEN,2026-07-21 00:20:07.231,Perú,Lima,INTERNSHIP,NOT_STARTED,True,DIGITALNOVA INVERSIONES S.A.C.S.,"Marketing, Publicidad y Comunicación"
6a5ebbfc9e10ebf257a0b9cf,None,Practicante Profesional de Gestión de Contenidos – QualiStore,Marketing,remoto,2026-08-20,OPEN,2026-07-21 00:23:24.259,Perú,Lima,INTERNSHIP,NOT_STARTED,True,Atento Perú,"Marketing, Publicidad y Comunicación"
6a5ebd229e10ebf257a0ba09,None,Practicante comercial para villa el salvador,Marketing,presencial,2026-08-20,OPEN,2026-07-21 00:28:18.494,Perú,Lima,INTERNSHIP,NOT_STARTED,True,Grupo Alina corp,"Marketing, Publicidad y Comunicación"
6a5ebd5c9e10ebf257a0ba15,None,Practicante profesional / Área comercial,Marketing,remoto,2026-08-20,OPEN,2026-07-21 00:29:16.492,Perú,Lima,INTERNSHIP,NOT_STARTED,True,Hibrido B CAPITAL S.A.C.,"Marketing, Publicidad y Comunicación"
6a5ebda69e10ebf257a0ba24,None,Practicante contable,Marketing,presencial,2026-08-20,OPEN,2026-07-21 00:30:30.013,Perú,Lima,INTERNSHIP,NOT_STARTED,True,Auxiliar Contable El Pez Gordo Producciones SAC,"Marketing, Publicidad y Comunicación"
6a5ebde89e10ebf257a0ba33,None,Practicante Profesional de Comercial,Marketing,híbrido,2026-08-20,OPEN,2026-07-21 00:31:36.956,Perú,Lima,INTERNSHIP,NOT_STARTED,True,Laboratorios Biomont,"Marketing, Publicidad y Comunicación"
6a5ebe0f9e10ebf257a0ba42,None,Practicante Comercial Construccion/ Ate,Marketing,presencial,2026-08-20,OPEN,2026-07-21 00:32:15.216,Perú,Lima,INTERNSHIP,NOT_STARTED,True,Ipesa SAC,"Marketing, Publicidad y Comunicación"
6a5ebe409e10ebf257a0ba51,None,Practicante Profesional de Producto,Marketing,presencial,2026-08-20,OPEN,2026-07-21 00:33:04.480,Perú,Lima,INTERNSHIP,NOT_STARTED,True,Bitel,"Marketing, Publicidad y Comunicación"
6a5ebea99e10ebf257a0ba60,None,Practicante de Categoría,Marketing,remoto,2026-08-20,OPEN,2026-07-21 00:34:49.403,Perú,Lima,INTERNSHIP,NOT_STARTED,True,Grupo Pacasmayo,"Marketing, Publicidad y Comunicación"
6a5ebeed9e10ebf257a0ba6f,None,Practicante Pre Profesional – Comercial TI,Marketing,remoto,2026-08-20,OPEN,2026-07-21 00:35:57.355,Perú,Lima,INTERNSHIP,NOT_STARTED,True,DIFFCODE,"Marketing, Publicidad y Comunicación"
6a5ebfa49e10ebf257a0ba7e,None,Practicante de community manager Part time,Marketing,presencial,2026-08-20,OPEN,2026-07-21 00:39:00.101,Perú,Lima,INTERNSHIP,NOT_STARTED,True,OA PEOPLE STAFFING E.I.R.L.,"Marketing, Publicidad y Comunicación"
6a5ec0059e10ebf257a0ba8d,None,Practicante Profesional de diseño gráfico/ Empresa Industrial,Marketing,presencial,2026-08-20,OPEN,2026-07-21 00:40:37.441,Perú,Lima,INTERNSHIP,NOT_STARTED,True,INDUSTRIAS ALTOS SOCIEDAD ANONIMA CERRADA,"Marketing, Publicidad y Comunicación"
6a5ec0549e10ebf257a0ba9c,None,Practicante Comercial en Campo,Marketing,presencial,2026-08-20,OPEN,2026-07-21 00:41:56.187,Perú,Lima,INTERNSHIP,NOT_STARTED,True,GRUPO SUNDA,"Marketing, Publicidad y Comunicación"
6a5ec12c9e10ebf257a0baab,None,Egresado de Ingeniería para Prácticas Profesionales,Marketing,presencial,2026-08-20,OPEN,2026-07-21 00:45:32.770,Perú,Lima,INTERNSHIP,NOT_STARTED,True,Importante Empresa en el sector,"Marketing, Publicidad y Comunicación"
6a5ec1ce9e10ebf257a0baba,None,Practicante profesional Comercial,Marketing,presencial,2026-08-20,OPEN,2026-07-21 00:48:14.082,Perú,Lima,INTERNSHIP,NOT_STARTED,True,Importante Empresa en el sector,"Marketing, Publicidad y Comunicación"
6a5ec2419e10ebf257a0bac9,None,Egresado o Bachiller para Prácticas Profesionales en el área Comercial,Marketing,presencial,2026-08-20,OPEN,2026-07-21 00:50:09.349,Perú,Lima,INTERNSHIP,NOT_STARTED,True,Importante Empresa en el sector,"Marketing, Publicidad y Comunicación"
6a5ec29d9e10ebf257a0bad8,None,Practicante Profesional de Responsabilidad Social y Sostenibilidad,Marketing,remoto,2026-08-20,OPEN,2026-07-21 00:51:41.682,Perú,Lima,INTERNSHIP,NOT_STARTED,True,TP,"Marketing, Publicidad y Comunicación"
6a5ec2e89e10ebf257a0bae7,None,Practicante Pre Profesional Comercial,Marketing,remoto,2026-08-20,OPEN,2026-07-21 00:52:56.390,Perú,Lima,INTERNSHIP,NOT_STARTED,True,UNIMAQ S.A.,"Marketing, Publicidad y Comunicación"
6a5ecde09e10ebf257a0bb04,None,Practicante de Atracción del Talento y Capacitación,Recursos Humanos,presencial,2026-08-15,OPEN,2026-07-21 01:39:44.940,Perú,Arequipa,,NOT_STARTED,True,Minera Bateas,Recursos Humanos y Capacitación
6a5ecf059e10ebf257a0bb10,None,Supervisor de salud y seguridad en el trabajo,Seguridad Industrial / SSOMA,presencial,2026-08-20,OPEN,2026-07-21 01:44:37.390,Perú,Arequipa,,NOT_STARTED,True,Cobra Peru,Otros
6a5ed0029e10ebf257a0bb1c,None,Supervisor de Turno de Seguridad,Seguridad Industrial / SSOMA,presencial,2026-08-17,OPEN,2026-07-21 01:48:50.419,Perú,Arequipa,,NOT_STARTED,True,ALS,Otros
6a5ed10d9e10ebf257a0bb32,None,Operador de Producción,Operaciones / Producción Industrial,presencial,2026-08-20,OPEN,2026-07-21 01:53:17.167,Perú,Arequipa,,NOT_STARTED,True,Grupo Gloria,"Producción, Manufactura y Operaciones"
6a5ed3589e10ebf257a0bb42,None,Jefe de Planta de Procesamiento de Minerales,Operaciones Mineras,presencial,2026-08-20,OPEN,2026-07-21 02:03:04.343,Perú,Arequipa,,NOT_STARTED,True,AHP HEADHUNTING,"Producción, Manufactura y Operaciones"
6a5ed4949e10ebf257a0bb4e,None,Ingeniero de Control de Proyectos,Ingeniería Civil / Gestión de Proyectos,presencial,2026-08-19,OPEN,2026-07-21 02:08:20.160,Perú,Arequipa,,NOT_STARTED,True,Tisur S.A.,Construcción e Ingeniería Civil
6a5ed7139e10ebf257a0bb5a,None,Practicante de Producto Agrícola,Agronegocios /Agrícola,presencial,2026-08-19,OPEN,2026-07-21 02:18:59.326,Perú,Arequipa,,NOT_STARTED,True,Caja Arequipa,"Agricultura, Ganadería y Agroindustria"
6a5f246f9eb5ac1dd987f618,None,Practicante administrativa,Administración,presencial,2026-08-08,CLOSED,2026-07-21 07:49:03.883,Perú,Piura,INTERNSHIP,NOT_STARTED,True,"Menfis Pollos, brasas y Parrillas","Administración, Contabilidad y Finanzas"
6a5f24fd9eb5ac1dd987f622,None,Practicante Profesional de Administración Piura,Administración,presencial,2026-08-15,OPEN,2026-07-21 07:51:25.265,Perú,Piura,INTERNSHIP,NOT_STARTED,True,UPAO,"Administración, Contabilidad y Finanzas"
6a5f25679eb5ac1dd987f62c,None,Practicante Profesional de Recursos Hídricos,Ingenierías,presencial,2026-08-16,OPEN,2026-07-21 07:53:11.454,Perú,Piura,INTERNSHIP,NOT_STARTED,True,AGROAURORA S.A.C.,Otros
6a5f26059eb5ac1dd987f636,None,Practicante Profesional de Compras,Administración e Ingenierías,presencial,2026-08-20,OPEN,2026-07-21 07:55:49.330,Perú,Piura,INTERNSHIP,NOT_STARTED,True,AGROAURORA S.A.C.,"Administración, Contabilidad y Finanzas"
6a5f269b9eb5ac1dd987f640,None,Practicante de calidad,Ingenierías,presencial,2026-08-20,OPEN,2026-07-21 07:58:19.902,Perú,Piura,INTERNSHIP,NOT_STARTED,True,INSPIRATUS TECHNOLOGIES S.A.C.,Otros
6a5f27179eb5ac1dd987f64a,None,Practicante de rrhh,Psicología,presencial,2026-08-20,OPEN,2026-07-21 08:00:23.318,Perú,Piura,INTERNSHIP,NOT_STARTED,True,Constructora Galilea SAC,Otros
6a5f27919eb5ac1dd987f654,None,Practicante Profesional de Programación de Mantenimiento,Ingenierías,presencial,2026-08-20,OPEN,2026-07-21 08:02:25.205,Perú,Piura,INTERNSHIP,NOT_STARTED,True,Sunshine,Otros
6a5f281a9eb5ac1dd987f65e,None,Practicante Profesional Administrativo de Mantenimiento,Administración e Ingenierías,presencial,2026-08-20,OPEN,2026-07-21 08:04:42.060,Perú,Piura,INTERNSHIP,NOT_STARTED,True,Sunshine,"Administración, Contabilidad y Finanzas"
6a5f28db9eb5ac1dd987f668,None,Practicante Profesional de Logística (Piura),Administración e Ingenierías,presencial,2026-08-20,OPEN,2026-07-21 08:07:55.776,Perú,Piura,INTERNSHIP,NOT_STARTED,True,Grupo Pacasmayo,"Administración, Contabilidad y Finanzas"
6a5f3ac39eb5ac1dd987f67e,None,Técnico Mecanico Automotriz - Adecco Perú S.A.,Operaciones,presencial,2026-08-20,OPEN,2026-07-21 09:24:19.617,Perú,La Libertad,,NOT_STARTED,True,Adecco Perú S.A.,"Producción, Manufactura y Operaciones"
6a5f3c409eb5ac1dd987f68a,None,Analista de Gestión Logística,Logística,presencial,2026-08-20,OPEN,2026-07-21 09:30:40.024,Perú,La Libertad,,NOT_STARTED,True,TRC,"Logística, Abastecimiento y Transporte"
6a5f3dfb9eb5ac1dd987f6a2,None,Mecánico Automotriz de Transporte Pesado,Mantenimiento Automotriz,presencial,2026-08-20,OPEN,2026-07-21 09:38:03.290,Perú,La Libertad,,NOT_STARTED,True,GRUPO TRANSPESA SAC,Mantenimiento y Reparaciones Técnicas
6a5f41709eb5ac1dd987f6ae,None,Recepcionista administrativa y Bienestar Interno,Administración y Recursos Humanos,presencial,2026-08-20,OPEN,2026-07-21 09:52:48.463,Perú,La Libertad,,NOT_STARTED,True,INMOBILIARIA FOCUS TRUJILLO S.A.C.,"Administración, Contabilidad y Finanzas"
6a5f42e29eb5ac1dd987f6c4,None,Asistente administrativo,Administración,presencial,2026-08-20,OPEN,2026-07-21 09:58:58.588,Perú,La Libertad,,NOT_STARTED,True,MINERA DORADA,"Administración, Contabilidad y Finanzas"
6a5f43fa9eb5ac1dd987f6d2,None,Cajero/a Bancario / Trujilo/ MiBanco,Operaciones Bancarias,presencial,2026-08-20,OPEN,2026-07-21 10:03:38.765,Perú,La Libertad,,NOT_STARTED,True,ManpowerGroup,"Producción, Manufactura y Operaciones"
6a5f46fb9eb5ac1dd987f6de,None,Supervisor Comercial para Scotiabank / Agencia Trujillo Centro,Comercial,presencial,2026-08-20,OPEN,2026-07-21 10:16:27.973,Perú,La Libertad,,NOT_STARTED,True,Sef Peru Holding SAC,"Comercial, Ventas y Desarrollo de Negocios"
6a5f48bb9eb5ac1dd987f6ea,None,Lider de ventas en el sector inmobiliario,Comercial,presencial,2026-08-20,OPEN,2026-07-21 10:23:55.999,Perú,La Libertad,,NOT_STARTED,True,INNOVA TECH INMOBILIARIA S.A.C.,"Comercial, Ventas y Desarrollo de Negocios"
6a5f49df9eb5ac1dd987f6fa,None,Captador de Leads de ventas,Marketing,presencial,2026-08-20,OPEN,2026-07-21 10:28:47.837,Perú,La Libertad,,NOT_STARTED,True,CALL PERU S.A.C.,"Marketing, Publicidad y Comunicación"
6a5f4b789eb5ac1dd987f709,None,Supervisor de Venta Canal Tradicional,Comercial,presencial,2026-08-20,OPEN,2026-07-21 10:35:36.057,Perú,La Libertad,,NOT_STARTED,True,Adecco Perú S.A.,"Comercial, Ventas y Desarrollo de Negocios"
6a5f4cd49eb5ac1dd987f721,None,"Analistas de crédito Mype Oficinas: Trujillo, Huamachuco, Viru",Finanzas,presencial,2026-08-21,OPEN,2026-07-21 10:41:24.907,Perú,La Libertad,SENIOR,NOT_STARTED,True,LEON XIII,"Administración, Contabilidad y Finanzas"
6a5f4ece9eb5ac1dd987f72d,None,Diseñador grafico audiovisual -  creador de contenido,Marketing y Diseño grafico,presencial,2026-08-20,OPEN,2026-07-21 10:49:50.648,Perú,La Libertad,,NOT_STARTED,True,RICAR,Diseño y Artes Gráficas
6a5f501a9eb5ac1dd987f73c,None,Ejecutivo de Ventas Campo,Comercial,presencial,2026-08-20,OPEN,2026-07-21 10:55:22.240,Perú,La Libertad,,NOT_STARTED,True,WENCO S A,"Comercial, Ventas y Desarrollo de Negocios"
6a5f526b9eb5ac1dd987f75c,None,Practicante de Producción - Línea de Envasado,Producción,presencial,2026-08-20,OPEN,2026-07-21 11:05:15.031,Perú,La Libertad,,NOT_STARTED,True,CARTAVIO RUM COMPANY S.A.C.,"Producción, Manufactura y Operaciones"
6a5f72829eb5ac1dd987f784,None,Practicante de Relaciones Laborales / Administración,Administración e Ingenierías,presencial,2026-08-20,OPEN,2026-07-21 13:22:11.016,Perú,Piura,INTERNSHIP,NOT_STARTED,True,AGROAURORA S.A.C.,"Administración, Contabilidad y Finanzas"
6a5f734a9eb5ac1dd987f78e,None,Practicante Profesional de Gestión Humana / Piura,Psicología y Administración,presencial,2026-08-20,OPEN,2026-07-21 13:25:30.858,Perú,Piura,,NOT_STARTED,True,Camposol,"Administración, Contabilidad y Finanzas"
6a5f74939eb5ac1dd987f798,None,Practicante Profesional de Bienestar social,Trabajo Social,presencial,2026-08-20,OPEN,2026-07-21 13:30:59.765,Perú,Lambayeque,INTERNSHIP,NOT_STARTED,True,ASICA FARMS SAC,Otros
6a5f754a9eb5ac1dd987f7a2,None,Practicante Profesional de Agronomía,Agronomía,presencial,2026-08-20,OPEN,2026-07-21 13:34:02.360,Perú,Lambayeque,INTERNSHIP,NOT_STARTED,True,Plantaciones Del Sol Sac.,Otros
6a5f762b9eb5ac1dd987f7ac,None,Practicante Profesional de Compras,,presencial,2026-08-20,OPEN,2026-07-21 13:37:47.709,Perú,,INTERNSHIP,NOT_STARTED,True,Agrolmos S.A.,Otros
6a5f76819eb5ac1dd987f7b6,None,Practicante de Mecánica,Mecánica,presencial,2026-08-20,OPEN,2026-07-21 13:39:13.192,Perú,Lambayeque,INTERNSHIP,NOT_STARTED,True,YAMAHA PERU,Otros
6a60374516b67977dadd3f63,None,Ejecutivo Banca PYME,Comercial,presencial,2026-08-21,OPEN,2026-07-22 03:21:41.805,Perú,Arequipa,,NOT_STARTED,True,Banco de Crédito del Perú,"Comercial, Ventas y Desarrollo de Negocios"
6a60382716b67977dadd3f6f,None,Asesor de Crédito,Créditos y Cobranzas,presencial,2026-08-10,CLOSED,2026-07-22 03:25:27.392,Perú,Arequipa,,NOT_STARTED,True,FINANCIERA PROEMPRESA,Otros
6a60393a16b67977dadd3f7b,None,FUNCIONARIO MYPE,Comercial,presencial,2026-08-08,CLOSED,2026-07-22 03:30:02.131,Perú,Arequipa,,NOT_STARTED,True,COOPERATIVA DE AHORRO Y CREDITO SAN MIGUEL LTDA,"Comercial, Ventas y Desarrollo de Negocios"
6a603a9216b67977dadd3f87,None,Asesor de Negocios Nuevos Mercados III,Créditos y Cobranzas,presencial,2026-08-02,CLOSED,2026-07-22 03:35:46.814,Perú,Arequipa,,NOT_STARTED,True,Banco Agropecuario,Otros
6a603b3f16b67977dadd3f93,None,Asesores de créditos con experiencia,Comercial,presencial,2026-08-21,OPEN,2026-07-22 03:38:39.045,Perú,Arequipa,,NOT_STARTED,True,FINANCIERA PROEMPRESA,"Comercial, Ventas y Desarrollo de Negocios"
6a603c1316b67977dadd3f9f,None,PRACTICANTE PROFESIONAL DE MEJORA CONTINUA,Almacén / Depósito / Expedición,presencial,2026-08-21,OPEN,2026-07-22 03:42:12.050,Perú,Arequipa,,NOT_STARTED,True,EFICIENCIA PROFESIONAL,"Logística, Abastecimiento y Transporte"
6a603d0616b67977dadd3fab,None,Asesor Comercial Convenios,Comercial,presencial,2026-08-21,OPEN,2026-07-22 03:46:14.466,Perú,Arequipa,,NOT_STARTED,True,Interbank,"Comercial, Ventas y Desarrollo de Negocios"
6a603e1016b67977dadd3fb7,None,Superintendente de Almacenes y Distribución de Producto Terminado,Logística y Almacén,presencial,2026-08-20,OPEN,2026-07-22 03:50:40.648,Perú,Arequipa,,NOT_STARTED,True,Grupo Gloria,"Logística, Abastecimiento y Transporte"
6a603f2d16b67977dadd3fc3,None,COORDINADOR TPM,Calidad,presencial,2026-08-20,OPEN,2026-07-22 03:55:25.964,Perú,Arequipa,,NOT_STARTED,True,Grupo Gloria,Otros
6a60401416b67977dadd3fcf,None,Coordinador de Almacén,Logística y Almacén,presencial,2026-08-20,OPEN,2026-07-22 03:59:16.054,Perú,Arequipa,,NOT_STARTED,True,The Weir Group,"Logística, Abastecimiento y Transporte"
6a60413116b67977dadd3fdb,None,Asesor Comercial Multiplataforma,Comercial,presencial,2026-08-15,OPEN,2026-07-22 04:04:01.336,Perú,Arequipa,,NOT_STARTED,True,GRUPORPP S.A.,"Comercial, Ventas y Desarrollo de Negocios"
6a60422216b67977dadd3fe7,None,GERENTE TERRITORIAL DE BANCA INDIVIDUAL,Comercial,presencial,2026-08-13,CLOSED,2026-07-22 04:08:02.142,Perú,Arequipa,,NOT_STARTED,True,Financiera Confianza,"Comercial, Ventas y Desarrollo de Negocios"
6a60434116b67977dadd3ff3,None,Especialista Corporativo de Comunicaciones TI,Tecnologías de la Información (TI) / Infraestructura y Redes.,híbrido,2026-08-21,OPEN,2026-07-22 04:12:49.332,Perú,Arequipa,,NOT_STARTED,True,Tisur S.A.,"Tecnología, Sistemas y Telecomunicaciones"
6a6044a416b67977dadd400b,None,Analista ERP,Tecnología / Sistemas,híbrido,2026-08-20,OPEN,2026-07-22 04:18:44.182,Perú,Arequipa,,NOT_STARTED,True,ManpowerGroup,"Tecnología, Sistemas y Telecomunicaciones"
6a60465116b67977dadd4017,None,Prevencionista de Riesgos,Seguridad Industrial / SSOMA,presencial,2026-08-08,CLOSED,2026-07-22 04:25:53.504,Perú,Arequipa,,NOT_STARTED,True,OBRAS HERGON S.A,Otros
6a60477e16b67977dadd4023,None,ANALISTA SENIOR DE SISTEMAS INTEGRADOS DE GESTION,Seguridad Industrial / SSOMA,presencial,2026-08-20,OPEN,2026-07-22 04:30:54.340,Perú,Arequipa,,NOT_STARTED,True,Transportes Cruz Del Sur S.A.C.,Otros
6a60486c16b67977dadd402f,None,SUPERVISOR DE SEGURIDAD,Seguridad Industrial / SSOMA,presencial,2026-08-20,OPEN,2026-07-22 04:34:52.639,Perú,Arequipa,,NOT_STARTED,True,Grupo Gloria,Otros
6a60494f16b67977dadd403b,None,TECNICO DE MANTENIMIENTO Y SERVICIOS GENERALES,Mantenimiento Eléctrico,presencial,2026-08-18,OPEN,2026-07-22 04:38:39.963,Perú,Arequipa,,NOT_STARTED,True,TRACTO CAMIONES USA,Mantenimiento y Reparaciones Técnicas
6a604a7b16b67977dadd4047,None,OPERADOR TÉRMICO,Energía y Electricidad,presencial,2026-08-17,OPEN,2026-07-22 04:43:39.079,Perú,Arequipa,,NOT_STARTED,True,EXPERTISE,"Minería, Petróleo, Energía y Gas"
6a604ba016b67977dadd4053,None,Técnica o Técnico Electricista de 2da - Unidad Minera,Mantenimiento Eléctrico Industrial.,presencial,2026-08-15,OPEN,2026-07-22 04:48:32.353,Perú,Arequipa,,NOT_STARTED,True,Hochschild,Mantenimiento y Reparaciones Técnicas
6a604cc816b67977dadd405f,None,Supervisor(a) técnico / Sector Energético,Energía y Electricidad,presencial,2026-08-14,OPEN,2026-07-22 04:53:28.962,Perú,Arequipa,,NOT_STARTED,True,ManpowerGroup,"Minería, Petróleo, Energía y Gas"
6a604e3016b67977dadd406b,None,Ingeniero de Procura,Ingeniería Civil,presencial,2026-08-08,CLOSED,2026-07-22 04:59:28.334,Perú,Arequipa,,NOT_STARTED,True,OBRAS HERGON S.A,Construcción e Ingeniería Civil
6a604f1816b67977dadd4077,None,Ingeniero de Producción,Ingeniería Civil,presencial,2026-08-16,OPEN,2026-07-22 05:03:20.776,Perú,Arequipa,,NOT_STARTED,True,OBRAS HERGON S.A,Construcción e Ingeniería Civil
6a60505f16b67977dadd408c,None,INGENIERO DE GEOMECANICA,Mineria/Petroleo/Gas,presencial,2026-08-20,OPEN,2026-07-22 05:08:47.835,Perú,Arequipa,,NOT_STARTED,True,ANALYTICA MINERAL SERVICES,"Minería, Petróleo, Energía y Gas"
6a60bce80d1f4b723f6b1663,None,Practicante Profesional De Negocios: Agencia Casma,Administración e Ingenierías,presencial,2026-08-21,OPEN,2026-07-22 12:51:52.911,Perú,Áncash,INTERNSHIP,NOT_STARTED,True,Caja Trujillo,"Administración, Contabilidad y Finanzas"
6a60d13a0d1f4b723f6b167e,None,Asistente de comercio exterior,Comercio Exterior,presencial,2026-08-21,OPEN,2026-07-22 14:18:34.409,Perú,La Libertad,,NOT_STARTED,True,OCEANO SEAFOOD S.A,Aduanas y Comercio Exterior
6a60d3f30d1f4b723f6b1688,None,ASISTENTE DE RRHH DE CINEMARK TRUJILLO,Recursos Humanos,presencial,2026-08-21,OPEN,2026-07-22 14:30:11.879,Perú,La Libertad,JUNIOR,NOT_STARTED,True,CINEMARK DEL PERU,Recursos Humanos y Capacitación
6a60d69f0d1f4b723f6b16a7,None,Coordinador/a de tienda aruma Trujillo,Operaciones,presencial,2026-08-21,OPEN,2026-07-22 14:41:35.315,Perú,La Libertad,,NOT_STARTED,True,Tiendas Aruma,"Producción, Manufactura y Operaciones"
6a60d7e00d1f4b723f6b16b3,None,Data Engineers/Big Data,Tecnología de la Información (TI),remoto,2026-08-21,OPEN,2026-07-22 14:46:56.673,Perú,La Libertad,,NOT_STARTED,True,NTT DATA,"Tecnología, Sistemas y Telecomunicaciones"
6a60d96e0d1f4b723f6b16c7,None,Ejecutivo Comercial Marino Trujillo,Comercial,presencial,2026-08-21,OPEN,2026-07-22 14:53:34.427,Perú,La Libertad,,NOT_STARTED,True,MODASA,"Comercial, Ventas y Desarrollo de Negocios"
6a60dbac0d1f4b723f6b16ee,None,Asesor de Garantías Toyota/ Trujillo - Grupo Mannucci,Operaciones y ServicioTécnico,presencial,2026-08-21,OPEN,2026-07-22 15:03:08.796,Perú,La Libertad,,NOT_STARTED,True,Grupo Mannucci,"Producción, Manufactura y Operaciones"
6a60de490d1f4b723f6b16fa,None,Ingeniero Supervisor de Mantenimiento Equipos de Acarreo y Carguio / Proyecto Minero Boroo,Mantenimiento,presencial,2026-08-21,OPEN,2026-07-22 15:14:17.187,Perú,La Libertad,,NOT_STARTED,True,Grupo Mannucci,Mantenimiento y Reparaciones Técnicas
6a60e0470d1f4b723f6b1706,None,Jefe de Almacén,Almacén / Logística,presencial,2026-08-21,OPEN,2026-07-22 15:22:47.488,Perú,La Libertad,,NOT_STARTED,True,Dacia Trading S.A.C.,"Logística, Abastecimiento y Transporte"
6a60e2630d1f4b723f6b1712,None,Ejecutivo de ventas /Nor Oriente,Comercial,presencial,2026-08-21,OPEN,2026-07-22 15:31:47.260,Perú,La Libertad,,NOT_STARTED,True,MARKETING ALTERNO,"Comercial, Ventas y Desarrollo de Negocios"
6a60e39a0d1f4b723f6b171e,None,Técnico Mecánico Automotriz / Trujillo,Mantenimiento Automotriz,presencial,2026-08-21,OPEN,2026-07-22 15:36:58.215,Perú,La Libertad,,NOT_STARTED,True,Grupo Mannucci,Mantenimiento y Reparaciones Técnicas
6a60e4f40d1f4b723f6b1736,None,Asistente de Transporte / Planta Pacasmayo,Logística y Transporte,presencial,2026-08-21,OPEN,2026-07-22 15:42:44.066,Perú,La Libertad,,NOT_STARTED,True,Grupo Pacasmayo,"Logística, Abastecimiento y Transporte"
6a60e6a80d1f4b723f6b1742,None,Ejecutivo de ventas seguros de vida Interseguro,Comercial y ventas,híbrido,2026-08-21,OPEN,2026-07-22 15:50:00.824,Perú,La Libertad,,NOT_STARTED,True,Eurofirms,"Comercial, Ventas y Desarrollo de Negocios"
6a60e7af0d1f4b723f6b174e,None,Auxiliar de Recuperaciones Trujillo,Créditos y Cobranzas,presencial,2026-08-21,OPEN,2026-07-22 15:54:23.544,Perú,La Libertad,,NOT_STARTED,True,Caja Trujillo,Otros
6a60e8cb0d1f4b723f6b175a,None,Asistente de GTH,Recursos Humanos y Administración de Personal,presencial,2026-08-21,OPEN,2026-07-22 15:59:07.351,Perú,La Libertad,,NOT_STARTED,True,Ittsabus,"Administración, Contabilidad y Finanzas"
6a60eaec0d1f4b723f6b1766,None,Asistente comerciales,Comercial,presencial,2026-08-21,OPEN,2026-07-22 16:08:12.046,Perú,La Libertad,,NOT_STARTED,True,Agroensancha S.R.L.,"Comercial, Ventas y Desarrollo de Negocios"
6a60ec0f0d1f4b723f6b177e,None,Agente de atención al cliente,Servicio al Cliente,presencial,2026-08-21,OPEN,2026-07-22 16:13:03.761,Perú,La Libertad,,NOT_STARTED,True,M&J Maranatha,Otros
6a60eee80d1f4b723f6b178a,None,Analista de Selección y Reclutamiento,Recursos Humanos y Reclutamiento,presencial,2026-08-21,OPEN,2026-07-22 16:25:12.798,Perú,La Libertad,,NOT_STARTED,True,EXPONENTE DIGITAL PE SAC,Recursos Humanos y Capacitación
6a60f7c90d1f4b723f6b17c3,None,BBVA / Ejecutivo de Negocios,Comercial y Negocios Financieros,presencial,2026-08-21,OPEN,2026-07-22 17:03:05.492,Perú,La Libertad,,NOT_STARTED,True,TRUST CONSULTING,"Comercial, Ventas y Desarrollo de Negocios"
6a60f9040d1f4b723f6b17cf,None,Técnico de Mantenimiento ATM Motorizado para Trujillo,Soporte Técnico y Mantenimiento,presencial,2026-08-21,OPEN,2026-07-22 17:08:20.920,Perú,La Libertad,,NOT_STARTED,True,Prosegur,Mantenimiento y Reparaciones Técnicas
6a6158cfa6e3511e5f35b02b,None,Asesor Comercial,Comercial,presencial,2026-08-21,OPEN,2026-07-22 23:57:03.707,Perú,La Libertad,,NOT_STARTED,True,SOCIEDAD DE AUTOMOTORES INKA SAC,"Comercial, Ventas y Desarrollo de Negocios"
6a6159c4a6e3511e5f35b037,None,Diseñador(a) Gráfico(a),Diseñador(a) Gráfico(a),presencial,2026-08-21,OPEN,2026-07-23 00:01:08.630,Perú,La Libertad,,NOT_STARTED,True,Universidad César Vallejo,Otros
6a615ec7a6e3511e5f35b043,None,Practicante Profesional de Servicios de Tecnología de Información,Soporte y Tecnología de la Información,presencial,2026-08-22,OPEN,2026-07-23 00:22:31.345,Perú,La Libertad,INTERNSHIP,NOT_STARTED,True,Caja Trujillo,"Tecnología, Sistemas y Telecomunicaciones"
6a616098a6e3511e5f35b05a,None,Practicante Profesional de Soluciones de Tecnología de Información,Tecnología de la Información (TI),presencial,2026-08-22,OPEN,2026-07-23 00:30:16.512,Perú,La Libertad,INTERNSHIP,NOT_STARTED,True,Caja Trujillo,"Tecnología, Sistemas y Telecomunicaciones"
6a61635aa6e3511e5f35b066,None,Especialista de Marketing y Comunicaciones,Marketing y Comunicaciones,híbrido,2026-08-22,OPEN,2026-07-23 00:42:02.257,Perú,La Libertad,,NOT_STARTED,True,Accenti,"Marketing, Publicidad y Comunicación"
6a616ebea6e3511e5f35b082,None,Supervisor operativo de ruta Trujillo,Operaciones y Logística,presencial,2026-08-22,OPEN,2026-07-23 01:30:38.824,Perú,La Libertad,,NOT_STARTED,True,Despensa Peruana S.A,"Logística, Abastecimiento y Transporte"
6a616fd6a6e3511e5f35b08e,None,Asesor(a) de Ventas / Sector Tecnología,Comercial y Ventas,presencial,2026-08-22,OPEN,2026-07-23 01:35:18.033,Perú,La Libertad,,NOT_STARTED,True,ManpowerGroup,"Comercial, Ventas y Desarrollo de Negocios"
6a617748a6e3511e5f35b0aa,None,Ingeniero Asistente Residente - Mina Subterránea,Ingeniería en Minas,presencial,2026-08-21,OPEN,2026-07-23 02:07:04.664,Perú,Arequipa,,NOT_STARTED,True,CONTRATA MINERA CRISTOBAL S.A.C.,"Minería, Petróleo, Energía y Gas"
6a617a3ea6e3511e5f35b0b6,None,Administrador de contratos (Minería),Ingeniería Mecánica,híbrido,2026-08-10,CLOSED,2026-07-23 02:19:42.041,Perú,Arequipa,,NOT_STARTED,True,Metso S.A.,Otros
6a617c06a6e3511e5f35b0c2,None,Promotor de Créditos Grupales,Comercial,presencial,2026-08-21,OPEN,2026-07-23 02:27:18.939,Perú,Arequipa,,NOT_STARTED,True,COOPAC KORI,"Comercial, Ventas y Desarrollo de Negocios"
6a618864a6e3511e5f35b109,None,Asistente de Saneamiento,Arquitectura,presencial,2026-08-22,OPEN,2026-07-23 03:20:04.341,Perú,Arequipa,,NOT_STARTED,True,PALMA DEL RIO HOLDING INMOBILIARIA SAC,"Arquitectura, Diseño de Interiores y Decoración"
6a618b0ea6e3511e5f35b138,None,Coordinador de Marketing,Marketing/Publicidad,presencial,2026-08-22,OPEN,2026-07-23 03:31:26.357,Perú,Arequipa,,NOT_STARTED,True,PALMA DEL RIO HOLDING INMOBILIARIA SAC,"Marketing, Publicidad y Comunicación"
6a618cc1a6e3511e5f35b14e,None,Asesor Comercial,Comercial,presencial,2026-08-21,OPEN,2026-07-23 03:38:41.229,Perú,Arequipa,,NOT_STARTED,True,ENERGIA PERUANA OPERACIONES S.A.C.,"Comercial, Ventas y Desarrollo de Negocios"
6a618f50a6e3511e5f35b179,None,Ejecutivo de Ventas,Comercial,presencial,2026-08-20,OPEN,2026-07-23 03:49:36.077,Perú,Arequipa,,NOT_STARTED,True,COLD IMPORT SA,"Comercial, Ventas y Desarrollo de Negocios"
6a6190dfa6e3511e5f35b1a6,None,Promotor de Marca,Comercial,presencial,2026-08-21,OPEN,2026-07-23 03:56:15.135,Perú,Arequipa,,NOT_STARTED,True,KOPLAST,"Comercial, Ventas y Desarrollo de Negocios"
6a619283a6e3511e5f35b1c5,None,ASISTENTE DE INSTALACIONES ELECTRICAS,Ingeniería Eléctrica y Electrónica,presencial,2026-08-16,OPEN,2026-07-23 04:03:15.344,Perú,Arequipa,,NOT_STARTED,True,OBRAS HERGON S.A,Otros
6a61954aa6e3511e5f35b208,None,ASISTENTE DE COBRANZAS,Contabilidad,presencial,2026-08-20,OPEN,2026-07-23 04:15:06.073,Perú,Arequipa,,NOT_STARTED,True,VIVEINCO S.A.C.,"Administración, Contabilidad y Finanzas"
6a619751a6e3511e5f35b220,None,Practicante Profesional de Maquinaria Pesada,Mantenimiento,presencial,2026-08-22,OPEN,2026-07-23 04:23:45.679,Perú,Arequipa,,NOT_STARTED,True,CETEMIN,Mantenimiento y Reparaciones Técnicas
6a6199c1a6e3511e5f35b236,None,ADMINISTRADOR Y RECURSOS HUMANOS,Recursos humanos/ Administración,presencial,2026-08-22,OPEN,2026-07-23 04:34:09.524,Perú,Arequipa,,NOT_STARTED,True,PROSOL ISPACAS SA,"Administración, Contabilidad y Finanzas"
6a619c68a6e3511e5f35b24c,None,PRESUPUESTISTA,Electricista,presencial,2026-08-22,OPEN,2026-07-23 04:45:28.888,Perú,Arequipa,,NOT_STARTED,True,AID INGENIEROS,Otros
6a61a048a6e3511e5f35b272,None,Coordinador(a) Académico para Programa de Titulación,Investigación y desarrollo,presencial,2026-08-22,OPEN,2026-07-23 05:02:00.236,Perú,Arequipa,,NOT_STARTED,True,Universidad Tecnológica del Perú,Otros
6a61a209a6e3511e5f35b28d,None,Inspector de Almacenes,Logística,presencial,2026-08-22,OPEN,2026-07-23 05:09:29.619,Perú,Arequipa,,NOT_STARTED,True,Ransa Comercial S.A.C.,"Logística, Abastecimiento y Transporte"
6a61a433a6e3511e5f35b2a3,None,Asesor de Créditos Individuales,Créditos y Cobranzas,presencial,2026-08-22,OPEN,2026-07-23 05:18:43.774,Perú,Arequipa,,NOT_STARTED,True,Santander Perú,Otros
6a61a751a6e3511e5f35b2c0,None,Instructor (a) especialista,Maquinaria Pesada,presencial,2026-08-22,OPEN,2026-07-23 05:32:01.470,Perú,Arequipa,,NOT_STARTED,True,Komatsu Mitsui,Otros
6a61aa95a6e3511e5f35b2d6,None,GESTOR DE COBRANZA,Créditos y Cobranzas,presencial,2026-08-22,OPEN,2026-07-23 05:45:57.462,Perú,Arequipa,,NOT_STARTED,True,Caja Cusco,Otros
6a61ac53a6e3511e5f35b2e7,None,Técnica o Técnico Mecatrónico - Unidad Minera,Mineria/Petroleo/Gas,presencial,2026-08-22,OPEN,2026-07-23 05:53:23.788,Perú,Arequipa,,NOT_STARTED,True,Hochschild,"Minería, Petróleo, Energía y Gas"
6a61ae4ea6e3511e5f35b2fe,None,Asistente / Coordinador de Operaciones,Operaciones,presencial,2026-08-22,OPEN,2026-07-23 06:01:50.927,Perú,Arequipa,,NOT_STARTED,True,CORPORACION EMPRESARIAL VIVA RIANSA S.A.C.,"Producción, Manufactura y Operaciones"
6a61b1afa6e3511e5f35b30f,None,Supervisor SSOMA,SSOMA,presencial,2026-08-22,OPEN,2026-07-23 06:16:15.093,Perú,Arequipa,,NOT_STARTED,True,Komatsu Mitsui,Otros
6a61b381a6e3511e5f35b325,None,QA Automatizador,Tecnología/TI,remoto,2026-08-22,OPEN,2026-07-23 06:24:01.244,Perú,Arequipa,,NOT_STARTED,True,NTT DATA,"Tecnología, Sistemas y Telecomunicaciones"
6a61b54fa6e3511e5f35b33b,None,JEFE DE CONTROL INTERNO,Control de Gestión/ Calidad,presencial,2026-08-22,OPEN,2026-07-23 06:31:43.935,Perú,Arequipa,,NOT_STARTED,True,PROSOL ISPACAS SA,Otros
6a61b6d7a6e3511e5f35b354,None,Técnico Mecánico,Mecánica,presencial,2026-08-22,OPEN,2026-07-23 06:38:15.781,Perú,Arequipa,,NOT_STARTED,True,OR MAQUINARIAS,Otros
6a63572258d10231dfbcec89,None,Arquitecta practicante,Arquitectura,presencial,2026-08-23,OPEN,2026-07-24 12:14:26.457,Perú,Áncash,INTERNSHIP,NOT_STARTED,True,ESTUDIO TESIS,"Arquitectura, Diseño de Interiores y Decoración"
6a63577e58d10231dfbcec93,None,Practicante Preprofesional Comercial,Administración,presencial,2026-08-15,OPEN,2026-07-24 12:15:58.427,Perú,Lima,INTERNSHIP,NOT_STARTED,True,RACSUL COMPANY,"Administración, Contabilidad y Finanzas"
6a63581058d10231dfbcecaf,None,Practicante Profesional de Mina | Cerro Lindo,Ingeniería,presencial,2026-08-23,OPEN,2026-07-24 12:18:24.778,Perú,Áncash,INTERNSHIP,NOT_STARTED,True,Programa de Prácticas Nexa - Perú,Otros
6a6358a158d10231dfbcecb9,None,Practicante de ventas de productos financieros Huaraz,Administración y Comercial,presencial,2026-08-23,OPEN,2026-07-24 12:20:49.792,Perú,Áncash,INTERNSHIP,NOT_STARTED,True,ALVCOM,"Administración, Contabilidad y Finanzas"
6a6358ff58d10231dfbcecc3,None,Practicante Profesional Zootecnia/ Agronomía - Gestión Social | Cerro Lindo,Ingenierías,presencial,2026-08-23,OPEN,2026-07-24 12:22:23.837,Perú,Áncash,INTERNSHIP,NOT_STARTED,True,Programa de Prácticas Nexa - Perú,Otros
6a63595f58d10231dfbceccd,None,PRACTICANTE TECNICO ELECTRONICO,Ingenierías,presencial,2026-08-23,OPEN,2026-07-24 12:23:59.387,Perú,Áncash,INTERNSHIP,NOT_STARTED,True,LABOTEC PERU SAC,Otros
6a635a1f58d10231dfbcecd7,None,Practicante Pre Profesional de Contabilidad (Part Time),Contabilidad,presencial,2026-08-23,OPEN,2026-07-24 12:27:11.760,Perú,Lambayeque,INTERNSHIP,NOT_STARTED,True,"BM Centro Oftalmológico Chiclayo, Lambayeque S/.200 a S/.300 por mes BM Centro Oftalmológico","Administración, Contabilidad y Finanzas"
6a635a7f58d10231dfbcece1,None,Practicante Profesional SSOMA,SSOMA,presencial,2026-08-23,OPEN,2026-07-24 12:28:47.772,Perú,Lambayeque,INTERNSHIP,NOT_STARTED,True,Sienerg S.A.C.,Otros
6a635ac658d10231dfbceceb,None,PRACTICAS PREPROFESIONALES - ASISTENTE LOGISTICO,Ingeniería Industrial,presencial,2026-08-23,OPEN,2026-07-24 12:29:58.011,Perú,Lambayeque,INTERNSHIP,NOT_STARTED,True,RUPER S.A.C.,"Producción, Manufactura y Operaciones"
6a636dcc58d10231dfbced10,None,Analista financiero o Contador financiero,Finanzas y Contabilidad,presencial,2026-08-23,OPEN,2026-07-24 13:51:08.720,Perú,La Libertad,,NOT_STARTED,True,Agroensancha S.R.L.,"Administración, Contabilidad y Finanzas"
6a636fa958d10231dfbced1c,None,Activador de Ventas,Comercial y Ventas,presencial,2026-08-23,OPEN,2026-07-24 13:59:05.150,Perú,La Libertad,,NOT_STARTED,True,Bitel,"Comercial, Ventas y Desarrollo de Negocios"
6a63714158d10231dfbced26,None,Auxiliar de reclutamiento y selección de personal,Recursos Humanos y Gestión del Talento,presencial,2026-08-23,OPEN,2026-07-24 14:05:53.655,Perú,La Libertad,,NOT_STARTED,True,AMSEQ,Recursos Humanos y Capacitación
6a6372e758d10231dfbced30,None,Coordinador de Postventa de Camiones /Trujillo,Postventa y Mantenimiento Automotriz,presencial,2026-08-23,OPEN,2026-07-24 14:12:55.608,Perú,La Libertad,,NOT_STARTED,True,EURO MOTORS S.A.,"Comercial, Ventas y Desarrollo de Negocios"
6a6374c958d10231dfbced42,None,Asistente/a de ingeniería,Ingeniería Civil y Construcción,presencial,2026-08-23,OPEN,2026-07-24 14:20:57.545,Perú,La Libertad,,NOT_STARTED,True,ECO HOGAR INMOBILIARIA,Construcción e Ingeniería Civil
6a63760258d10231dfbced4e,None,Asistente de Ventas,Comercial y Ventas,presencial,2026-08-23,OPEN,2026-07-24 14:26:10.721,Perú,La Libertad,,NOT_STARTED,True,DIFARLIB,"Comercial, Ventas y Desarrollo de Negocios"
6a63787d58d10231dfbced70,None,Asistente de GTH,Recursos Humanos y Gestión del Talento,presencial,2026-08-23,OPEN,2026-07-24 14:36:45.129,Perú,La Libertad,,NOT_STARTED,True,M&J Maranatha,Recursos Humanos y Capacitación
6a637a3858d10231dfbced7c,None,Asistente de eventos BTL Trujillo,Marketing y Eventos,presencial,2026-08-23,OPEN,2026-07-24 14:44:08.977,Perú,La Libertad,,NOT_STARTED,True,Alterna BTL,"Marketing, Publicidad y Comunicación"
6a637bec58d10231dfbced88,None,Técnico junior mecánico de automotriz con exp soldadura,Mantenimiento Automotriz,presencial,2026-08-23,OPEN,2026-07-24 14:51:24.603,Perú,La Libertad,,NOT_STARTED,True,Talma Servicios Aeroportuarios,Mantenimiento y Reparaciones Técnicas
6a63843c58d10231dfbced9d,None,Asistente Contable csa,Contabilidad y Finanzas,presencial,2026-08-23,OPEN,2026-07-24 15:26:52.178,Perú,La Libertad,,NOT_STARTED,True,Clínica San Antonio,"Administración, Contabilidad y Finanzas"
6a63856158d10231dfbceda9,None,Supervisor(a) de Selección – Sector transporte,Recursos Humanos y Gestión del Talento,presencial,2026-08-23,OPEN,2026-07-24 15:31:45.371,Perú,La Libertad,,NOT_STARTED,True,ManpowerGroup,Recursos Humanos y Capacitación
6a638ab158d10231dfbcedb5,None,Impulsa tu crecimiento profesional como Ejecutivo Comercial de Ventas,Comercial,presencial,2026-08-23,OPEN,2026-07-24 15:54:25.422,Perú,La Libertad,,NOT_STARTED,True,Sef Peru Holding SAC,"Comercial, Ventas y Desarrollo de Negocios"
6a638c6258d10231dfbcedcb,None,Practicante Profesional de Desarrollo Organizacional,Recursos Humanos y Desarrollo Organizacional,presencial,2026-08-23,OPEN,2026-07-24 16:01:38.086,Perú,La Libertad,PRACTICE,NOT_STARTED,True,Hortifrut Perú S.A.C.,Recursos Humanos y Capacitación
6a638e3258d10231dfbcede5,None,Ingeniero De Producción VID,Producción Agrícola,presencial,2026-08-23,OPEN,2026-07-24 16:09:22.548,Perú,La Libertad,,NOT_STARTED,True,SAFRESCO PERU S.A.,"Agricultura, Ganadería y Agroindustria"
6a638f3b58d10231dfbcedef,None,Practicante Profesional de Bienestar Social,Recursos Humanos y Bienestar Social,presencial,2026-08-23,OPEN,2026-07-24 16:13:47.276,Perú,La Libertad,INTERNSHIP,NOT_STARTED,True,Hortifrut Perú S.A.C.,Recursos Humanos y Capacitación
6a6391c458d10231dfbcee16,None,Tambo ¡Buscamo Administrador (a) de Tienda !,Administración y Retail,presencial,2026-08-23,OPEN,2026-07-24 16:24:36.440,Perú,La Libertad,,NOT_STARTED,True,Tiendas Tambo,"Administración, Contabilidad y Finanzas"
6a6392e458d10231dfbcee22,None,Auxiliar Administrativo,Administración,presencial,2026-08-23,OPEN,2026-07-24 16:29:24.365,Perú,La Libertad,,NOT_STARTED,True,Danper Trujillo SAC,"Administración, Contabilidad y Finanzas"
6a63974158d10231dfbcee2e,None,Asesor crédito grupal / Promotor de créditos/Comisiones ilimitadas,Microfinanzas y Créditos,presencial,2026-08-23,OPEN,2026-07-24 16:48:01.356,Perú,La Libertad,,NOT_STARTED,True,Compartamos Banco,"Administración, Contabilidad y Finanzas"
6a63986e58d10231dfbcee3a,None,Docentes T. Parcial / Biólogo para carrera de Nutrición/ Trujillo 20026 II,Educación,presencial,2026-08-23,OPEN,2026-07-24 16:53:02.937,Perú,La Libertad,,NOT_STARTED,True,Universidad Privada del Norte S.A.C.,Otros
6a639a7958d10231dfbcee46,None,"Auxiliar de Autoclave (Técnico/a Electrónico, Mécanica y/o Eléctrica",Mantenimiento Técnico,presencial,2026-08-23,OPEN,2026-07-24 17:01:45.220,Perú,La Libertad,,NOT_STARTED,True,Danper Trujillo SAC,Mantenimiento y Reparaciones Técnicas
6a639cd658d10231dfbcee52,None,Analista de datos,Tecnología de la Información (TI),presencial,2026-08-23,OPEN,2026-07-24 17:11:50.033,Perú,La Libertad,,NOT_STARTED,True,UPAO,"Tecnología, Sistemas y Telecomunicaciones"
6a639e8358d10231dfbcee5e,None,Analista de Oficina Técnica,Ingeniería Civil y Construcción,presencial,2026-08-23,OPEN,2026-07-24 17:18:59.286,Perú,La Libertad,,NOT_STARTED,True,Alegra Inmobiliaria,Construcción e Ingeniería Civil
6a639fc558d10231dfbcee6a,None,Supervisor de Ventas con equipo /Ingreso a planilla / Trujillo,Comercial,presencial,2026-08-23,OPEN,2026-07-24 17:24:21.340,Perú,La Libertad,,NOT_STARTED,True,Impulsate,"Comercial, Ventas y Desarrollo de Negocios"
6a63baf22cc0b565a88c9040,None,Administrador de Tienda Junior,Administración,presencial,2026-08-23,OPEN,2026-07-24 19:20:18.296,Perú,Arequipa,,NOT_STARTED,True,Seleccion RH,"Administración, Contabilidad y Finanzas"
6a63bc0e2cc0b565a88c904a,None,Asistente Comercial,Comercial,presencial,2026-08-23,OPEN,2026-07-24 19:25:02.968,Perú,Arequipa,,NOT_STARTED,True,Technitools,"Comercial, Ventas y Desarrollo de Negocios"
6a63bd6f2cc0b565a88c9056,None,Administrador General y Finanzas,Administración,presencial,2026-08-21,OPEN,2026-07-24 19:30:55.429,Perú,Arequipa,,NOT_STARTED,True,Adecco Perú S.A.,"Administración, Contabilidad y Finanzas"
6a63be832cc0b565a88c9062,None,Analista Contable Línea de carrera para Contador,Contabilidad,presencial,2026-08-21,OPEN,2026-07-24 19:35:31.198,Perú,Arequipa,,NOT_STARTED,True,GEO IMPERIUM,"Administración, Contabilidad y Finanzas"
6a63bf762cc0b565a88c906e,None,CONTADOR,Contabilidad,presencial,2026-08-21,OPEN,2026-07-24 19:39:34.722,Perú,Arequipa,,NOT_STARTED,True,EFCOM MYG,"Administración, Contabilidad y Finanzas"
6a63c0572cc0b565a88c907a,None,Asistente Contable,Contabilidad,presencial,2026-08-21,OPEN,2026-07-24 19:43:19.455,Perú,Arequipa,,NOT_STARTED,True,GEO IMPERIUM,"Administración, Contabilidad y Finanzas"
6a63c1762cc0b565a88c9084,None,Responsable de Abastecimiento y Tesorería,Abastecimiento y Tesorería,presencial,2026-08-21,OPEN,2026-07-24 19:48:06.811,Perú,Arequipa,,NOT_STARTED,True,DISTRIBUIDORA DOMENICA E.I.R.L,"Administración, Contabilidad y Finanzas"
6a63c2112cc0b565a88c908e,None,Practicante Administrativo,Administración,presencial,2026-08-21,OPEN,2026-07-24 19:50:41.209,Perú,Arequipa,,NOT_STARTED,True,DISTRIBUIDORA DOMENICA E.I.R.L,"Administración, Contabilidad y Finanzas"
6a63c3da2cc0b565a88c909a,None,Promotor de ventas,Comercial,presencial,2026-08-23,OPEN,2026-07-24 19:58:18.872,Perú,Arequipa,,NOT_STARTED,True,ManpowerGroup,"Comercial, Ventas y Desarrollo de Negocios"
6a63d9844bff7758ba8b5b5f,None,Asistente Administrativo Junior,Administración,presencial,2026-08-15,OPEN,2026-07-24 21:30:44.077,Perú,Arequipa,,NOT_STARTED,True,URBANOZ,"Administración, Contabilidad y Finanzas"
6a63da394bff7758ba8b5b6b,None,Supervisor de Operaciones,Ingeniería en Minas,presencial,2026-08-21,OPEN,2026-07-24 21:33:45.253,Perú,Arequipa,,NOT_STARTED,True,INMARPACS SAC,"Minería, Petróleo, Energía y Gas"
6a63daec4bff7758ba8b5b77,None,Ingeniero Asistente Residente - Mina Subterránea,Ingeniería en Minas,presencial,2026-08-21,OPEN,2026-07-24 21:36:44.030,Perú,Arequipa,,NOT_STARTED,True,CONTRATA MINERA CRISTOBAL S.A.C.,"Minería, Petróleo, Energía y Gas"
6a63dc06a03ae4aaaff15939,None,Ingeniero(a) de Planeamiento de Mantenimiento,Ingeniería Mecánica,presencial,2026-08-23,OPEN,2026-07-24 21:41:26.505,Perú,Arequipa,,NOT_STARTED,True,MINERA BATEAS,Otros
6a63dcc0a03ae4aaaff15945,None,Tecnico electricista,Mantenimiento,presencial,2026-08-23,OPEN,2026-07-24 21:44:32.921,Perú,Arequipa,,NOT_STARTED,True,Tecno Caucho Sociedad Anonima Cerrada,Mantenimiento y Reparaciones Técnicas
6a63dd98a03ae4aaaff15951,None,Tecnico Electricista,Mantenimiento,presencial,2026-08-21,OPEN,2026-07-24 21:48:08.480,Perú,Arequipa,,NOT_STARTED,True,SOCOSANI S.A.,Mantenimiento y Reparaciones Técnicas
6a63de57a70a6130d8029713,None,Operario/ Oficial Electricista,Mantenimiento,presencial,2026-08-10,CLOSED,2026-07-24 21:51:19.012,Perú,Arequipa,,NOT_STARTED,True,AID INGENIEROS,Mantenimiento y Reparaciones Técnicas
6a63df11a70a6130d802971f,None,Ingeniero Mecánico Junior,Ingeniería Mecánica,presencial,2026-08-15,OPEN,2026-07-24 21:54:25.424,Perú,Arequipa,,NOT_STARTED,True,Service Mechanic Mining SAC,Otros
6a63dff9a70a6130d802972d,None,Técnico Electricista Industrial,Mantenimiento,presencial,2026-08-23,OPEN,2026-07-24 21:58:17.982,Perú,Arequipa,,NOT_STARTED,True,D.C.R. MINERIA Y CONSTRUCCION S.A.C,Mantenimiento y Reparaciones Técnicas
6a63e0dfa70a6130d8029737,None,OPERADOR DE MAQUINARIA PESADA,Mineria/Petroleo/Gas,presencial,2026-08-20,OPEN,2026-07-24 22:02:07.625,Perú,Arequipa,,NOT_STARTED,True,Minera Confianza S.A.C.,"Minería, Petróleo, Energía y Gas"
6a63e17ba70a6130d8029743,None,Operador de Motoniveladora,Minería,presencial,2026-08-22,OPEN,2026-07-24 22:04:43.410,Perú,Arequipa,,NOT_STARTED,True,D.C.R. MINERIA Y CONSTRUCCION S.A.C,"Minería, Petróleo, Energía y Gas"
6a63e209a70a6130d802974d,None,Comunicador Audiovisual y de Contenido Digital,"Marketing, Publicidad",presencial,2026-08-21,OPEN,2026-07-24 22:07:05.647,Perú,Arequipa,,NOT_STARTED,True,Sinopsis Marketing,"Marketing, Publicidad y Comunicación"
6a63e2cea70a6130d8029757,None,Practicante de Marketing,Marketing,presencial,2026-08-21,OPEN,2026-07-24 22:10:22.039,Perú,Arequipa,,NOT_STARTED,True,NovaLabs,"Marketing, Publicidad y Comunicación"
6a640783a70a6130d802977f,None,Practicante Profesional de Recursos Humanos,Recursos Humanos,presencial,2026-08-24,OPEN,2026-07-25 00:46:59.827,Perú,La Libertad,INTERNSHIP,NOT_STARTED,True,METALMARK,Recursos Humanos y Capacitación
6a640889a70a6130d802978b,None,Practicante Profesional de Canales de Atención,Tecnología de la Información (TI),presencial,2026-08-24,OPEN,2026-07-25 00:51:21.005,Perú,La Libertad,INTERNSHIP,NOT_STARTED,True,Caja Trujillo,"Tecnología, Sistemas y Telecomunicaciones"
6a6409c3a70a6130d8029797,None,Coordinador de Sistemas Integrados de Gestion,Calidad y Sistemas de Gestión,presencial,2026-08-24,OPEN,2026-07-25 00:56:35.963,Perú,La Libertad,,NOT_STARTED,True,Grupo Palermo SRL,"Tecnología, Sistemas y Telecomunicaciones"
6a64337df74cdc88675db77e,None,Practicante de Diseño Gráfico,Diseño Gráfico/Publicidad,presencial,2026-08-10,CLOSED,2026-07-25 03:54:37.148,Perú,Arequipa,,NOT_STARTED,True,URBANOZ,Diseño y Artes Gráficas
6a643649f74cdc88675db78c,None,Asistente de Recursos Humanos,Recursos Humanos,presencial,2026-08-21,OPEN,2026-07-25 04:06:33.399,Perú,Arequipa,,NOT_STARTED,True,EFCOM MYG,Recursos Humanos y Capacitación
6a64404af74cdc88675db79d,None,Asistente de Gestión Social - Minería Pisco,Ingeniería en Minas,presencial,2026-08-24,OPEN,2026-07-25 04:49:14.999,Perú,Ica,,NOT_STARTED,True,ManpowerGroup,"Minería, Petróleo, Energía y Gas"
6a644163f74cdc88675db7af,None,Asesor Comercial,Comercial,presencial,2026-08-24,OPEN,2026-07-25 04:53:55.359,Perú,Ica,,NOT_STARTED,True,Alfin Banco,"Comercial, Ventas y Desarrollo de Negocios"
6a644293f74cdc88675db7bb,None,Operador de Sistemas,Tecnología / Sistemas,presencial,2026-08-24,OPEN,2026-07-25 04:58:59.242,Perú,Ica,,NOT_STARTED,True,Hitss Perú,"Tecnología, Sistemas y Telecomunicaciones"
6a644366f74cdc88675db7c7,None,Ingeniero Asistente de Planeamiento de Operaciones - Proyecto Marcona,Minería,presencial,2026-08-24,OPEN,2026-07-25 05:02:30.025,Perú,Ica,,NOT_STARTED,True,San Martin Contratistas Generales,"Minería, Petróleo, Energía y Gas"
6a64447af74cdc88675db7d3,None,Practicante Profesional de Gestión Social,Ingeniería Ambiental,presencial,2026-08-24,OPEN,2026-07-25 05:07:06.881,Perú,Ica,,NOT_STARTED,True,Nexa Resources,Otros
6a644592f74cdc88675db7df,None,PRACTICANTE PROFESIONAL DE REDES Y COMUNICACIONES,Tecnología / TI,presencial,2026-08-07,CLOSED,2026-07-25 05:11:46.872,Perú,Ica,,NOT_STARTED,True,Caja Ica,"Tecnología, Sistemas y Telecomunicaciones"
6a64467cf74cdc88675db7eb,None,Practicante Profesional Reclutamiento y Procesos,Recursos Humanos,presencial,2026-08-15,OPEN,2026-07-25 05:15:40.058,Perú,Ica,,NOT_STARTED,True,SHOUGANG HIERRO PERU S.A.A.,Recursos Humanos y Capacitación
6a64473ff74cdc88675db7f7,None,PRACTICANTE PROFESIONAL DE LOGISTICA,Logística,presencial,2026-08-10,CLOSED,2026-07-25 05:18:55.906,Perú,Ica,,NOT_STARTED,True,Caja Ica,"Logística, Abastecimiento y Transporte"
6a644822f74cdc88675db803,None,Practicante Electricista Industrial,Energía y Electricidad,presencial,2026-08-16,OPEN,2026-07-25 05:22:42.104,Perú,Ica,,NOT_STARTED,True,Soluto Industrial EIRL,"Minería, Petróleo, Energía y Gas"
6a6448e2f74cdc88675db81b,None,PRACTICANTE PROFESIONAL DE CREDITOS,Créditos y Cobranzas,presencial,2026-08-08,CLOSED,2026-07-25 05:25:54.399,Perú,Ica,,NOT_STARTED,True,Caja Cusco,Otros
6a6449a5f74cdc88675db827,None,"Practicantes de Mantenimiento: Mecánico, Mecatrónico, Eléctrico y Electrónico",Mantenimiento,presencial,2026-08-14,OPEN,2026-07-25 05:29:09.739,Perú,Ica,,NOT_STARTED,True,CEMENTOS INKA,Mantenimiento y Reparaciones Técnicas
6a644a6ef74cdc88675db831,None,Practicante Pre Profesional de Marketing,"Marketing, Publicidad",presencial,2026-08-10,CLOSED,2026-07-25 05:32:30.815,Perú,Ica,,NOT_STARTED,True,Inmobiliaria A&T House,"Marketing, Publicidad y Comunicación"
6a644b56f74cdc88675db843,None,Practicante Profesional de Mina,Ingeniería en Minas,presencial,2026-08-15,OPEN,2026-07-25 05:36:22.403,Perú,Ica,,NOT_STARTED,True,Nexa Resources,"Minería, Petróleo, Energía y Gas"
6a644ca1f74cdc88675db84f,None,"Asistente de Selección, Capacitación y Desarrollo","Recursos Humanos , Administración o Psicología",presencial,2026-08-24,OPEN,2026-07-25 05:41:53.175,Perú,Ica,,NOT_STARTED,True,KSR Global,"Administración, Contabilidad y Finanzas"
6a644d4ff74cdc88675db85b,None,Practicante de Proyectos Eléctricos,Ingeniería Eléctrica y Electrónica,presencial,2026-08-09,CLOSED,2026-07-25 05:44:47.961,Perú,Ica,,NOT_STARTED,True,CONERGY,Otros
6a644dfaf74cdc88675db867,None,Practicante de Planeamiento Financiero,Planeamiento económico-financiero,presencial,2026-08-22,OPEN,2026-07-25 05:47:38.702,Perú,Ica,,NOT_STARTED,True,PUERTO DE PARACAS,Otros
6a644efef74cdc88675db873,None,Desarrollador APX/Remoto,Sistema/Tecnologia,remoto,2026-08-24,OPEN,2026-07-25 05:51:58.978,Perú,Ica,,NOT_STARTED,True,Indra,"Tecnología, Sistemas y Telecomunicaciones"
6a644f9ff74cdc88675db87f,None,ANALISTA DE MARKETING DIGITAL,Marketing,presencial,2026-08-16,OPEN,2026-07-25 05:54:39.686,Perú,Ica,,NOT_STARTED,True,Caja Ica,"Marketing, Publicidad y Comunicación"
6a645123f74cdc88675db88b,None,TRAINEE PROFESIONAL — GERENCIA CENTRAL DE PRODUCCIÓN,Ingeniería Metalúrgica,presencial,2026-08-22,OPEN,2026-07-25 06:01:07.965,Perú,Ica,,NOT_STARTED,True,Corporación Aceros Arequipa,Otros
6a645283f74cdc88675db897,None,AVA: Coordinador de Almacén,Almacén / Depósito / Expedición,presencial,2026-08-22,OPEN,2026-07-25 06:06:59.643,Perú,Ica,,NOT_STARTED,True,GLOBAL FUEL SA,"Logística, Abastecimiento y Transporte"
6a645360f74cdc88675db8a3,None,Analista de Finanzas,Finanzas,presencial,2026-08-24,OPEN,2026-07-25 06:10:40.253,Perú,Ica,,NOT_STARTED,True,Grupo Friopacking,"Administración, Contabilidad y Finanzas"
6a645494f74cdc88675db8af,None,ASESOR DE SERVICIOS FINANCIEROS OFICINA PALPA,"Finanzas, Banca y Créditos",presencial,2026-08-21,OPEN,2026-07-25 06:15:48.085,Perú,Ica,,NOT_STARTED,True,Caja Piura,"Administración, Contabilidad y Finanzas"
6a645554f74cdc88675db8bb,None,Asistente de Selección y Desarrollo,"Recursos Humanos , Administración o Psicología",presencial,2026-08-20,OPEN,2026-07-25 06:19:00.317,Perú,Ica,,NOT_STARTED,True,Don Ricardo,"Administración, Contabilidad y Finanzas"
6a64572ef74cdc88675db8c7,None,Funcionario Banca Negocio,Banca y Finanzas,presencial,2026-08-19,OPEN,2026-07-25 06:26:54.818,Perú,Ica,,NOT_STARTED,True,Scotiabank,"Administración, Contabilidad y Finanzas"
6a64c36ad27c82bde9ed1109,None,Practicante Preprofesional/Mecánica Automotriz/Trujillo,Mecánica Automotriz,presencial,2026-08-24,OPEN,2026-07-25 14:08:42.833,Perú,La Libertad,INTERNSHIP,NOT_STARTED,True,AUTRISA AUTOMOTRIZ ANDINA S.A.,Otros
6a64c56dd27c82bde9ed1115,None,Practicante Profesional de Operaciones S/1300,Operaciones,híbrido,2026-08-24,OPEN,2026-07-25 14:17:17.959,Perú,La Libertad,INTERNSHIP,NOT_STARTED,True,Adecco Perú S.A.,"Producción, Manufactura y Operaciones"
6a64c97fd27c82bde9ed1125,None,Practicante Profesional Operaciones,Operaciones,presencial,2026-08-24,OPEN,2026-07-25 14:34:39.007,Perú,La Libertad,INTERNSHIP,NOT_STARTED,True,EULEN del Perú,"Producción, Manufactura y Operaciones"
6a64cb06d27c82bde9ed1131,None,Practicante Profesional de Estados Financieros,Contabilidad y Finanzas,presencial,2026-08-24,OPEN,2026-07-25 14:41:10.241,Perú,La Libertad,INTERNSHIP,NOT_STARTED,True,Danper Trujillo SAC,"Administración, Contabilidad y Finanzas"
6a64cef0d27c82bde9ed113a,None,Practicante de Contabilidad / Asistente Administrativo Contable Laboral,Contabilidad y Finanzas,presencial,2026-08-24,OPEN,2026-07-25 14:57:52.628,Perú,La Libertad,,NOT_STARTED,True,C & A CONSULTORA S.A.C.,"Administración, Contabilidad y Finanzas"
6a64d388d27c82bde9ed1152,None,Mecánico,Mecánica Automotriz,presencial,2026-08-24,OPEN,2026-07-25 15:17:28.232,Perú,La Libertad,,NOT_STARTED,True,"Compañia Peruana de Petroleo, Gas y Gasolina",Otros
6a64d71ed27c82bde9ed1166,None,"Técnicos Mecánicos Especialista en Camiones, Cargadores y Perforadoras / Boroo",Mecánica Automotriz,presencial,2026-08-24,OPEN,2026-07-25 15:32:46.115,Perú,La Libertad,,NOT_STARTED,True,Grupo Mannucci,Otros
6a64d8c0d27c82bde9ed1177,None,Asistente de contabilidad,Contabilidad,presencial,2026-08-24,OPEN,2026-07-25 15:39:44.415,Perú,La Libertad,,NOT_STARTED,True,UPAO,"Administración, Contabilidad y Finanzas"
6a65045f8c88b6a9bc055cf8,None,Asistente de Reclutamiento y Selección de personal,Recursos Humanos,presencial,2026-08-24,OPEN,2026-07-25 18:45:51.140,Perú,La Libertad,,NOT_STARTED,True,World Group SAC,Recursos Humanos y Capacitación
6a6505ee8c88b6a9bc055d04,None,Junior Product Designer (UX/UI),Diseño UX/UI,presencial,2026-08-24,OPEN,2026-07-25 18:52:30.613,Perú,La Libertad,JUNIOR,NOT_STARTED,True,RHGO 24 S.A.C.,Otros
6a657f46cbed73f2ed505b3a,None,Activador de Ventas,Ventas,presencial,2026-08-25,OPEN,2026-07-26 03:30:14.132,Perú,La Libertad,,NOT_STARTED,True,Bitel,"Comercial, Ventas y Desarrollo de Negocios"
6a6744f6edc1fb6d8c3b5d1a,None,Practicante de ingeniería,Ingenierías,presencial,2026-08-15,OPEN,2026-07-27 11:45:58.404,Perú,Cusco,INTERNSHIP,NOT_STARTED,True,"Wanchaq, Cusco",Otros
6a674556edc1fb6d8c3b5d2c,None,Se requiere practicante profesional en Contabilidad / Cusco,Contabilidad,presencial,2026-08-26,OPEN,2026-07-27 11:47:34.195,Perú,Cusco,INTERNSHIP,NOT_STARTED,True,Bitel,"Administración, Contabilidad y Finanzas"
6a6745baedc1fb6d8c3b5d3e,None,Practicante Profesional de Recursos Humanos,Psicología y Administración,presencial,2026-08-26,OPEN,2026-07-27 11:49:14.066,Perú,Cusco,INTERNSHIP,NOT_STARTED,True,GREAT SERVICE SERV.TURIS.EL TABLON S.A.C,"Administración, Contabilidad y Finanzas"
6a674601edc1fb6d8c3b5d50,None,Practicante Pro Mantenimiento Ollantaytambo Cusco,Ingenierías,presencial,2026-08-26,OPEN,2026-07-27 11:50:25.755,Perú,Cusco,INTERNSHIP,NOT_STARTED,True,Inca Rail,Otros
6a674675edc1fb6d8c3b5d62,None,Practicante Profesional de Boletería (Sede Mapi / Ollanta),Administración,presencial,2026-08-26,OPEN,2026-07-27 11:52:21.106,Perú,Cusco,INTERNSHIP,NOT_STARTED,True,Inca Rail,"Administración, Contabilidad y Finanzas"
6a6746d1edc1fb6d8c3b5d74,None,Practicante Profesional de Contabilidad,Contabilidad,presencial,2026-08-26,OPEN,2026-07-27 11:53:53.667,Perú,Cusco,INTERNSHIP,NOT_STARTED,True,SELCOSI EXPORT GOLD S.A.C.,"Administración, Contabilidad y Finanzas"
6a67473fedc1fb6d8c3b5d86,None,Practicante de Servicios Generales y Mantenimiento,Ingenierías,presencial,2026-08-26,OPEN,2026-07-27 11:55:43.673,Perú,Junín,INTERNSHIP,NOT_STARTED,True,Universidad Continental,Otros
6a67478eedc1fb6d8c3b5d98,None,Practicante Profesional de Ingeniería Eléctrica,Ingenierías,presencial,2026-08-26,OPEN,2026-07-27 11:57:02.516,Perú,Junín,INTERNSHIP,NOT_STARTED,True,Robocon Servicios SAC,Otros
6a6747ceedc1fb6d8c3b5daa,None,Practicante de ingeniería industrial,Ingenierías,presencial,2026-08-26,OPEN,2026-07-27 11:58:06.964,Perú,Junín,INTERNSHIP,NOT_STARTED,True,Clínica ConfíaSalud,Otros
6a674833edc1fb6d8c3b5dbc,None,Practicante o Auxiliar de Proyectos La Oroya Junin,Ingenierías,presencial,2026-08-26,OPEN,2026-07-27 11:59:47.685,Perú,Junín,INTERNSHIP,NOT_STARTED,True,KEDA,Otros
6a67488bedc1fb6d8c3b5dce,None,Interno/Practicante de Psicología,Psicología y Administración,presencial,2026-08-26,OPEN,2026-07-27 12:01:15.382,Perú,Junín,INTERNSHIP,NOT_STARTED,True,Clínica ConfíaSalud,"Administración, Contabilidad y Finanzas"
6a6748f0edc1fb6d8c3b5de0,None,Practicante administrativo,Administración e Ingenierías,presencial,2026-08-26,OPEN,2026-07-27 12:02:56.649,Perú,Junín,INTERNSHIP,NOT_STARTED,True,Clínica ConfíaSalud,"Administración, Contabilidad y Finanzas"
6a67494eedc1fb6d8c3b5df2,None,Practicante Comercial (Huancayo),Comercial y Administración,presencial,2026-08-26,OPEN,2026-07-27 12:04:30.992,Perú,Junín,INTERNSHIP,NOT_STARTED,True,UNIMAQ S.A.,"Administración, Contabilidad y Finanzas"
6a6749a2edc1fb6d8c3b5e04,None,Asistente de administración,Administración e Ingenierías,presencial,2026-08-26,OPEN,2026-07-27 12:05:54.135,Perú,Junín,INTERNSHIP,NOT_STARTED,True,Llankay Consultores,"Administración, Contabilidad y Finanzas"
6a6749eeedc1fb6d8c3b5e16,None,Analista de Logística y Abastecimiento,Administración e Ingenierías,presencial,2026-08-26,OPEN,2026-07-27 12:07:10.647,Perú,Junín,INTERNSHIP,NOT_STARTED,True,Planta Pichanaki,"Administración, Contabilidad y Finanzas"
6a674a5aedc1fb6d8c3b5e28,None,Practicante Profesional de Creditos Grupales (Egresados) / Juliaca,Administración y Finanzas,presencial,2026-08-26,OPEN,2026-07-27 12:08:58.328,Perú,Puno,INTERNSHIP,NOT_STARTED,True,Caja Rural de Ahorro y Credito Los Andes S.A.,"Administración, Contabilidad y Finanzas"
6a674aacedc1fb6d8c3b5e3a,None,Practicante de almacén,Administración e Ingenierías,presencial,2026-08-26,OPEN,2026-07-27 12:10:20.923,Perú,Puno,INTERNSHIP,NOT_STARTED,True,CAL & CEMENTO SUR S.A.,"Administración, Contabilidad y Finanzas"
6a674affedc1fb6d8c3b5e4c,None,Practicante de Mantenimiento Eléctrico/Electrónico,Ingenierías,presencial,2026-08-26,OPEN,2026-07-27 12:11:43.350,Perú,Puno,INTERNSHIP,NOT_STARTED,True,CAL & CEMENTO SUR S.A.,Otros
6a674b4dedc1fb6d8c3b5e5e,None,Practicante de Envase y Despachos,Administración e Ingenierías,presencial,2026-08-26,OPEN,2026-07-27 12:13:01.473,Perú,Puno,INTERNSHIP,NOT_STARTED,True,CAL & CEMENTO SUR S.A.,"Administración, Contabilidad y Finanzas"
6a674b9cedc1fb6d8c3b5e70,None,Practicante Administrativo / Contable,Administración y Finanzas,presencial,2026-08-26,OPEN,2026-07-27 12:14:20.617,Perú,Puno,INTERNSHIP,NOT_STARTED,True,LOGISTONE S.A.C.,"Administración, Contabilidad y Finanzas"
6a674bededc1fb6d8c3b5e82,None,Practicante Profesional de Créditos / Ayaviri (Prácticas Remuneradas),Administración y Finanzas,presencial,2026-08-26,OPEN,2026-07-27 12:15:41.884,Perú,Puno,INTERNSHIP,NOT_STARTED,True,CAJA MUNICIPAL DE AHORRO Y CREDITO CUSCO S.A.,"Administración, Contabilidad y Finanzas"
6a674ca1edc1fb6d8c3b5e9f,None,Practicante Profesional de Créditos / Macusani (Prácticas Remuneradas),Administración y Finanzas,presencial,2026-08-26,OPEN,2026-07-27 12:18:41.070,Perú,Puno,INTERNSHIP,NOT_STARTED,True,CAJA MUNICIPAL DE AHORRO Y CREDITO CUSCO S.A.,"Administración, Contabilidad y Finanzas"
6a674cfeedc1fb6d8c3b5eb3,None,Practicante de Negocios / Cajabamba,Administración y Comercial,presencial,2026-08-26,OPEN,2026-07-27 12:20:14.707,Perú,Cajamarca,INTERNSHIP,NOT_STARTED,True,Caja Trujillo,"Administración, Contabilidad y Finanzas"
6a674d54edc1fb6d8c3b5ec7,None,Practicante de Negocios / Bambamarca,Administración,presencial,2026-08-26,OPEN,2026-07-27 12:21:40.348,Perú,Cajamarca,INTERNSHIP,NOT_STARTED,True,Caja Trujillo,"Administración, Contabilidad y Finanzas"
6a674d98edc1fb6d8c3b5edb,None,Practicante Visual Topitop Jaén,Marketing y Diseño,presencial,2026-08-26,OPEN,2026-07-27 12:22:48.025,Perú,Cajamarca,INTERNSHIP,NOT_STARTED,True,Topi Top,"Marketing, Publicidad y Comunicación"
6a674de8edc1fb6d8c3b5eed,None,Practicante Profesional,Administración e Ingenierías,presencial,2026-08-26,OPEN,2026-07-27 12:24:08.004,Perú,Cajamarca,INTERNSHIP,NOT_STARTED,True,Bitel,"Administración, Contabilidad y Finanzas"
6a674e63edc1fb6d8c3b5eff,None,¡Urgente! Promotores de Ventas BCP C/experiencia en convenio,Administración y Comercial,presencial,2026-08-26,OPEN,2026-07-27 12:26:11.129,Perú,Cajamarca,INTERNSHIP,NOT_STARTED,True,EXPANSION,"Administración, Contabilidad y Finanzas"
6a674ed3edc1fb6d8c3b5f11,None,Practicante Profesional de Mantenimiento,Ingenierías,presencial,2026-08-26,OPEN,2026-07-27 12:28:03.396,Perú,Áncash,INTERNSHIP,NOT_STARTED,True,Agroindustrias San Jacinto S.A.A.,Otros
6a6751a1edc1fb6d8c3b5f44,None,Practicante Profesional de Campo,Agronomía,presencial,2026-08-26,OPEN,2026-07-27 12:40:01.681,Perú,Áncash,INTERNSHIP,NOT_STARTED,True,Agroindustrias San Jacinto S.A.A.,Otros
6a6752e7edc1fb6d8c3b5f60,None,Practicante de Área Comercial,Comercial,presencial,2026-08-26,OPEN,2026-07-27 12:45:27.641,Perú,Áncash,INTERNSHIP,NOT_STARTED,True,Importante Empresa en el sector,"Comercial, Ventas y Desarrollo de Negocios"
6a675e97edc1fb6d8c3b5f80,None,Analista de Créditos Trujillo,Finanzas,presencial,2026-08-26,OPEN,2026-07-27 13:35:19.986,Perú,La Libertad,,NOT_STARTED,True,Overall Strategy,"Administración, Contabilidad y Finanzas"
6a6760d8edc1fb6d8c3b5fa1,None,Asistente de Negocios Mibanco Alto Trujillo,Finanzas,presencial,2026-08-26,OPEN,2026-07-27 13:44:56.979,Perú,La Libertad,,NOT_STARTED,True,ManpowerGroup,"Administración, Contabilidad y Finanzas"
6a676476edc1fb6d8c3b5fcc,None,Líder de Restaurante (Administrador) Pardos Chicken Trujillo,Administración,presencial,2026-08-26,OPEN,2026-07-27 14:00:22.061,Perú,La Libertad,,NOT_STARTED,True,Pardos Chicken,"Administración, Contabilidad y Finanzas"
6a676928edc1fb6d8c3b5fe4,None,Analista de remuneraciones,Recursos Humanos,presencial,2026-08-26,OPEN,2026-07-27 14:20:24.053,Perú,La Libertad,,NOT_STARTED,True,AMSEQ,Recursos Humanos y Capacitación
6a676b6fedc1fb6d8c3b5ff9,None,Asesora de Servicio,Ventas,presencial,2026-08-26,OPEN,2026-07-27 14:30:07.226,Perú,La Libertad,,NOT_STARTED,True,B Motors,"Comercial, Ventas y Desarrollo de Negocios"
6a677549edc1fb6d8c3b604c,None,Pasante de ingeniero electrónico,Ingeniería Electrónica,presencial,2026-08-26,OPEN,2026-07-27 15:12:09.838,Perú,La Libertad,,NOT_STARTED,True,Unilap SAC,Otros
6a6777adedc1fb6d8c3b606c,None,Ejecutivo de Financiamiento Vehicular / Asesor de Créditos Vehiculares,Finanzas,presencial,2026-08-26,OPEN,2026-07-27 15:22:21.757,Perú,La Libertad,,NOT_STARTED,True,SOCIEDAD DE AUTOMOTORES INKA SAC,"Administración, Contabilidad y Finanzas"
6a677e4bedc1fb6d8c3b6096,None,Promotor de servicios BCP Trujillo,Finanzas,presencial,2026-08-26,OPEN,2026-07-27 15:50:35.729,Perú,La Libertad,,NOT_STARTED,True,ManpowerGroup,"Administración, Contabilidad y Finanzas"
6a677f13edc1fb6d8c3b60ab,None,Cajero bancario agencia BCP Huamachuco,Finanzas,presencial,2026-08-26,OPEN,2026-07-27 15:53:55.163,Perú,La Libertad,,NOT_STARTED,True,ManpowerGroup,"Administración, Contabilidad y Finanzas"
6a678086edc1fb6d8c3b60be,None,Contador (a),Contabilidad,presencial,2026-08-26,OPEN,2026-07-27 16:00:06.484,Perú,La Libertad,,NOT_STARTED,True,Clínica San Antonio,"Administración, Contabilidad y Finanzas"
6a6791e3edc1fb6d8c3b60d3,None,Practicante Profesional de Créditos / Agencia Puquio / Ref 1126 2026,Administración y Finanzas,presencial,2026-08-26,OPEN,2026-07-27 17:14:11.527,Perú,Ayacucho,INTERNSHIP,NOT_STARTED,True,CAJA MUNICIPAL DE AHORRO Y CREDITO CUSCO S.A.,"Administración, Contabilidad y Finanzas"
6a6792fbedc1fb6d8c3b60f0,None,(BCP) Ejecutivos de ventas POS (Culqi),Comercial,presencial,2026-08-27,OPEN,2026-07-27 17:18:51.582,Perú,Ica,,NOT_STARTED,True,ManpowerGroup,"Comercial, Ventas y Desarrollo de Negocios"
6a6793c1edc1fb6d8c3b6105,None,Analista de Planificación de Materiales de Packing,Logística,presencial,2026-08-25,OPEN,2026-07-27 17:22:09.454,Perú,Ica,,NOT_STARTED,True,Pedregal,"Logística, Abastecimiento y Transporte"
6a67947cedc1fb6d8c3b611c,None,Asesor Comercial Convenios,Comercial,presencial,2026-08-27,OPEN,2026-07-27 17:25:16.782,Perú,Ica,,NOT_STARTED,True,Interbank,"Comercial, Ventas y Desarrollo de Negocios"
6a679522edc1fb6d8c3b6133,None,Asistente de planificación y abastecimiento,Administración,presencial,2026-08-30,OPEN,2026-07-27 17:28:02.853,Perú,Ica,,NOT_STARTED,True,CANTALLOC,"Administración, Contabilidad y Finanzas"
6a6795dcedc1fb6d8c3b6145,None,Asistente Administrativo,Administración,presencial,2026-08-24,OPEN,2026-07-27 17:31:08.021,Perú,Ica,,NOT_STARTED,True,CANTALLOC,"Administración, Contabilidad y Finanzas"
6a6796e4edc1fb6d8c3b615d,None,Ejecutivo de Ventas,Comercial,presencial,2026-08-23,OPEN,2026-07-27 17:35:32.672,Perú,Ica,,NOT_STARTED,True,Capital Estate,"Comercial, Ventas y Desarrollo de Negocios"
6a679775edc1fb6d8c3b6172,None,AUXILIAR DE RECUENTO,Contabilidad,presencial,2026-08-20,OPEN,2026-07-27 17:37:57.313,Perú,Ica,,NOT_STARTED,True,ManpowerGroup,"Administración, Contabilidad y Finanzas"
6a6797c9edc1fb6d8c3b6184,None,Practicante de Almacén Moquegua,Administración,presencial,2026-08-26,OPEN,2026-07-27 17:39:21.466,Perú,Moquegua,INTERNSHIP,NOT_STARTED,True,Noatum HOLDINGS,"Administración, Contabilidad y Finanzas"
6a679835edc1fb6d8c3b619c,None,Asistente de Gestión Administrativa y Operaciones,Administración,presencial,2026-08-21,OPEN,2026-07-27 17:41:09.216,Perú,Ica,,NOT_STARTED,True,CONSULTORIA & SEGURIDAD ARGUS SAC,"Administración, Contabilidad y Finanzas"
6a6798d3edc1fb6d8c3b61b4,None,Analista Contable Senior,Contabilidad,presencial,2026-08-22,OPEN,2026-07-27 17:43:47.656,Perú,Ica,,NOT_STARTED,True,PUERTO DE PARACAS,"Administración, Contabilidad y Finanzas"
6a679989edc1fb6d8c3b61c9,None,Analista de Protección,Seguridad Patrimonial y Operaciones Portuarias,presencial,2026-08-22,OPEN,2026-07-27 17:46:49.018,Perú,Ica,,NOT_STARTED,True,PUERTO DE PARACAS,"Producción, Manufactura y Operaciones"
6a679b12edc1fb6d8c3b6201,None,Practicante Comercial Corporativo,"Comercial, Marketing",remoto,2026-08-27,OPEN,2026-07-27 17:53:22.479,Perú,Ica,,NOT_STARTED,True,A&M Comunicaciones y Servicios Generales SAC,"Comercial, Ventas y Desarrollo de Negocios"
6a679b96edc1fb6d8c3b6216,None,DESARROLLADOR JUNIOR DE SOFTWARE,Programación,presencial,2026-08-21,OPEN,2026-07-27 17:55:34.940,Perú,Ica,,NOT_STARTED,True,Caja Ica,Otros
6a679c46edc1fb6d8c3b622b,None,Psicólogo(a),Psicología,presencial,2026-08-24,OPEN,2026-07-27 17:58:30.979,Perú,Ica,,NOT_STARTED,True,Universidad Tecnológica del Perú,Otros
6a67a0c3edc1fb6d8c3b623d,None,Practicante Profesional de PCO,Psicología y Administración,presencial,2026-08-26,OPEN,2026-07-27 18:17:39.294,Perú,Piura,INTERNSHIP,NOT_STARTED,True,Camposol,"Administración, Contabilidad y Finanzas"
6a67a16cedc1fb6d8c3b624f,None,Practicante Pre Profesional de Marketing,Marketing,presencial,2026-08-26,OPEN,2026-07-27 18:20:28.979,Perú,Arequipa,INTERNSHIP,NOT_STARTED,True,De Boca a Boca S.A.C.S.,"Marketing, Publicidad y Comunicación"
6a67a4f3edc1fb6d8c3b6261,None,Practicante de Recursos Humanos,Psicología y Administración,presencial,2026-08-26,OPEN,2026-07-27 18:35:31.685,Perú,Ayacucho,INTERNSHIP,NOT_STARTED,True,CARMEN - GRUPO INCA,"Administración, Contabilidad y Finanzas"
6a6adfb06329bddf47229585,None,Practicante de Marketing Digital,Marketing,presencial,2026-08-29,OPEN,2026-07-30 05:22:56.267,Perú,Arequipa,INTERNSHIP,NOT_STARTED,True,Vivoo,"Marketing, Publicidad y Comunicación"
6a6ae0356329bddf47229597,None,Practicante Preprofesional de Investigación e Inteligencia Comercial,Negocios Internacionales,presencial,2026-08-29,OPEN,2026-07-30 05:25:09.458,Perú,Lambayeque,INTERNSHIP,NOT_STARTED,True,Fluctuante,"Comercial, Ventas y Desarrollo de Negocios"
6a6ae0be6329bddf472295a9,None,Estadista practicante,Estadística,presencial,2026-08-29,OPEN,2026-07-30 05:27:26.680,Perú,Lambayeque,INTERNSHIP,NOT_STARTED,True,MIDAS SOLUTIONS CENTER,Otros
6a6ae0fa6329bddf472295bb,None,Practicante Profesional de Negocios Ferreñafe,Administración,presencial,2026-08-29,OPEN,2026-07-30 05:28:26.040,Perú,Lambayeque,INTERNSHIP,NOT_STARTED,True,Caja Trujillo,"Administración, Contabilidad y Finanzas"
6a6ae1416329bddf472295cd,None,Practicantes de administración- empresariales Chiclayo,Administración,presencial,2026-08-29,OPEN,2026-07-30 05:29:37.557,Perú,Lambayeque,INTERNSHIP,NOT_STARTED,True,Buró Group Oficial,"Administración, Contabilidad y Finanzas"
6a6ae1a96329bddf472295df,None,Asistente de Marketing para Hotel Winmeier,Marketing,presencial,2026-08-29,OPEN,2026-07-30 05:31:21.635,Perú,Lambayeque,INTERNSHIP,NOT_STARTED,True,GLADCON GROUP,"Marketing, Publicidad y Comunicación"
6a6ae2026329bddf472295f1,None,Practicante profesional de Comunicaciones,Comunicación,presencial,2026-08-29,OPEN,2026-07-30 05:32:50.664,Perú,Piura,INTERNSHIP,NOT_STARTED,True,Clínica San Juan de Dios - Piura,"Marketing, Publicidad y Comunicación"
6a6ae26f6329bddf47229605,None,Practicante de Payroll,Administración,presencial,2026-08-29,OPEN,2026-07-30 05:34:39.465,Perú,Moquegua,INTERNSHIP,NOT_STARTED,True,ENGIE Perú,"Administración, Contabilidad y Finanzas"
6a6ae2d66329bddf47229617,None,"Practicante de Mantenimiento - Palacio Nazarenas, a Belmond Hotel, Cusco",Administración,presencial,2026-08-29,OPEN,2026-07-30 05:36:22.751,Perú,Cusco,INTERNSHIP,NOT_STARTED,True,Belmond • Cusco,"Administración, Contabilidad y Finanzas"
6a6ae3166329bddf47229629,None,PROGRAMA TRAINEE 2024 – SEDE CUSCO,Economía y afines,presencial,2026-08-29,OPEN,2026-07-30 05:37:26.091,Perú,Cusco,INTERNSHIP,NOT_STARTED,True,Facultad de Ciencias Económicas - UNSAAC,Otros
6a6ae3646329bddf4722963b,None,Asistente Comercial Marketing Offline,Comercial,presencial,2026-08-29,OPEN,2026-07-30 05:38:44.225,Perú,Cusco,INTERNSHIP,NOT_STARTED,True,Lima Walking Tour,"Comercial, Ventas y Desarrollo de Negocios"
6a6b461437923c8f9b0d4a3d,None,Junior Illustrator,Marketing,presencial,2026-08-29,OPEN,2026-07-30 12:39:48.380,Perú,Apurímac,INTERNSHIP,NOT_STARTED,True,Iconiqlast,"Marketing, Publicidad y Comunicación"
6a6bb35b8805094798c8ff7c,None,Asistente Junior Comercial,Comercial,presencial,2026-08-29,OPEN,2026-07-30 20:26:03.256,Perú,La Libertad,JUNIOR,NOT_STARTED,True,DC HOLDING PERU S.A.C,"Comercial, Ventas y Desarrollo de Negocios"
6a6bb4bb8805094798c8ff91,None,Asistente de Liquidación,Contabilidad y Finanzas,presencial,2026-08-29,OPEN,2026-07-30 20:31:55.035,Perú,La Libertad,,NOT_STARTED,True,Llamagas,"Administración, Contabilidad y Finanzas"
6a6bb6218805094798c8ffa6,None,Practicante Profesional Hidráulico,Mantenimiento Industrial,presencial,2026-08-29,OPEN,2026-07-30 20:37:53.865,Perú,La Libertad,PRACTICE,NOT_STARTED,True,PESCO PERU SAC,Mantenimiento y Reparaciones Técnicas
6a6bb7c28805094798c8ffbb,None,Practicante Profesional de Banca Empresa,Banca y Finanzas,presencial,2026-08-29,OPEN,2026-07-30 20:44:50.426,Perú,La Libertad,PRACTICE,NOT_STARTED,True,Caja Trujillo,"Administración, Contabilidad y Finanzas"
6a6bca248805094798c8ffe8,None,Auxiliar Contable Trujillo Rubro Metalmecánico,Contabilidad y Finanzas,presencial,2026-08-29,OPEN,2026-07-30 22:03:16.310,Perú,La Libertad,,NOT_STARTED,True,METALMARK,"Administración, Contabilidad y Finanzas"
6a6bccaa8805094798c90012,None,Asistente de Logistica,Logística,presencial,2026-08-29,OPEN,2026-07-30 22:14:02.836,Perú,La Libertad,,NOT_STARTED,True,LAB PERU MINERALS S.R.L.,"Logística, Abastecimiento y Transporte"
6a6bd2b98805094798c90024,None,Recién egresado de Ingeniería Mecánica,Mantenimiento,presencial,2026-08-29,OPEN,2026-07-30 22:39:53.161,Perú,La Libertad,,NOT_STARTED,True,X-TERNA E.I.R.L.,Mantenimiento y Reparaciones Técnicas
6a6bd3e48805094798c9004b,None,Asesor(a) en Formación de Crédito,Banca y Finanzas,presencial,2026-08-29,OPEN,2026-07-30 22:44:52.332,Perú,La Libertad,,NOT_STARTED,True,Compartamos Banco,"Administración, Contabilidad y Finanzas"
6a6bd3e58805094798c90058,None,Administrador de Contratos,Administración,presencial,2026-08-25,OPEN,2026-07-30 22:44:53.849,Perú,Ica,,NOT_STARTED,True,PDCI PERUANA DE CONSTRUCCIÓN E INSFRAESTRUCTURA S.A.C.,"Administración, Contabilidad y Finanzas"
6a6bd4ac8805094798c90087,None,Técnico de mantenimiento de planta industrial,Mantenimiento,presencial,2026-08-24,OPEN,2026-07-30 22:48:12.605,Perú,Ica,,NOT_STARTED,True,Grupo Tawa,Mantenimiento y Reparaciones Técnicas
6a6bd5818805094798c9009c,None,Asistente Supervisor Mantenimiento PTAR,Ingeniería Mecánica,presencial,2026-08-25,OPEN,2026-07-30 22:51:45.620,Perú,Ica,,NOT_STARTED,True,SHOUGANG HIERRO PERU S.A.A.,Otros
6a6bd6a38805094798c900d4,None,Técnico junior mecánico de automotriz,Mantenimiento Automotriz,presencial,2026-08-29,OPEN,2026-07-30 22:56:35.270,Perú,La Libertad,,NOT_STARTED,True,Talma Servicios Aeroportuarios,Mantenimiento y Reparaciones Técnicas
6a6bd7538805094798c900e9,None,TÉCNICO DE PERFORACIÓN Y VOLADURA 14X7,Mineria/Petroleo/Gas,presencial,2026-08-27,OPEN,2026-07-30 22:59:31.177,Perú,,,NOT_STARTED,True,AESA,"Minería, Petróleo, Energía y Gas"
6a6bd7d68805094798c900fe,None,Inspector de Calidad,Ingeniería Civil,presencial,2026-08-20,OPEN,2026-07-30 23:01:42.654,Perú,Ica,,NOT_STARTED,True,Grupo JJC,Construcción e Ingeniería Civil
6a6bd8988805094798c90110,None,SUPERVISOR CIVIL,Mineria/Petroleo/Gas,presencial,2026-08-21,OPEN,2026-07-30 23:04:56.900,Perú,Ica,,NOT_STARTED,True,NTI GROUP,"Minería, Petróleo, Energía y Gas"
6a6bd9488805094798c90125,None,Supervisor HSEQ II,Mineria/Petroleo/Gas,presencial,2026-08-20,OPEN,2026-07-30 23:07:52.441,Perú,Ica,,NOT_STARTED,True,CONFIPETROL ANDINA S.A.,"Minería, Petróleo, Energía y Gas"
6a6bdaf28805094798c9013b,None,Asistente de Despacho,Logística y Distribución,presencial,2026-08-29,OPEN,2026-07-30 23:14:58.558,Perú,La Libertad,,NOT_STARTED,True,Lavoro Perú,"Logística, Abastecimiento y Transporte"
6a6bdb5c8805094798c90157,None,Técnico Mecánico Agrícola,Mantenimiento,presencial,2026-08-27,OPEN,2026-07-30 23:16:44.400,Perú,Ica,,NOT_STARTED,True,IMECOL PERÚ,Mantenimiento y Reparaciones Técnicas
6a6bdc838805094798c9016f,None,Asistente de Comunicaciones y Cultura,Comunicación,presencial,2026-08-30,OPEN,2026-07-30 23:21:39.963,Perú,Ica,,NOT_STARTED,True,Don Ricardo,"Marketing, Publicidad y Comunicación"
6a6bdd0b8805094798c90184,None,Coordinador (a) de Marketing,Marketing y Comunicaciones,presencial,2026-08-29,OPEN,2026-07-30 23:23:55.581,Perú,La Libertad,,NOT_STARTED,True,Grupo Mannucci,"Marketing, Publicidad y Comunicación"
6a6bddb68805094798c901a6,None,Marketing,Marketing,presencial,2026-08-29,OPEN,2026-07-30 23:26:46.725,Perú,La Libertad,,NOT_STARTED,True,M&J Maranatha,"Marketing, Publicidad y Comunicación"
6a6bdf508805094798c90203,None,COORDINADOR DE CLIENTES DE INCLUSIÓN FINANCIERA,Comercial,presencial,2026-08-30,OPEN,2026-07-30 23:33:36.878,Perú,Ica,,NOT_STARTED,True,Caja Ica,"Comercial, Ventas y Desarrollo de Negocios"
6a6be02b8805094798c90218,None,Asistente del Dpto. de Marketing,Marketing,presencial,2026-08-29,OPEN,2026-07-30 23:37:15.856,Perú,La Libertad,,NOT_STARTED,True,LAB PERU MINERALS S.R.L.,"Marketing, Publicidad y Comunicación"
6a6be03c8805094798c9022a,None,ASESOR COMERCIAL,Comercial,presencial,2026-08-30,OPEN,2026-07-30 23:37:32.518,Perú,Ica,,NOT_STARTED,True,Derrama Magisterial,"Comercial, Ventas y Desarrollo de Negocios"
6a6bfaa56a3415a21c1ae4ac,None,Planificador de Compras Regional,Abastecimiento,presencial,2026-08-30,OPEN,2026-07-31 01:30:13.958,Perú,Ica,,NOT_STARTED,True,Tiendas Mass,"Logística, Abastecimiento y Transporte"
6a6bfb5c6a3415a21c1ae4be,None,Asistente Administrativo,Secretaria,presencial,2026-08-27,OPEN,2026-07-31 01:33:16.778,Perú,Ica,,NOT_STARTED,True,julio Huarote Champac,Otros
6a6bfcc66a3415a21c1ae4d3,None,Desarrollador experiencia en SonarQube,Tecnología y Sistemas,remoto,2026-08-30,OPEN,2026-07-31 01:39:18.242,Perú,Ica,,NOT_STARTED,True,NTT DATA,"Tecnología, Sistemas y Telecomunicaciones"
6a6bfd906a3415a21c1ae4e8,None,Analista de Soporte Técnico,Tecnología / TI,presencial,2026-08-30,OPEN,2026-07-31 01:42:40.217,Perú,Ica,,NOT_STARTED,True,Machu Picchu Foods SAC,"Tecnología, Sistemas y Telecomunicaciones"
6a6bfee16a3415a21c1ae4fd,None,Administración de Personal,Recursos Humanos o Administración,presencial,2026-08-29,OPEN,2026-07-31 01:48:18.000,Perú,Ica,,NOT_STARTED,True,Universidad Tecnológica del Perú,"Administración, Contabilidad y Finanzas"
6a6bff996a3415a21c1ae50f,None,Mecanico de Maquinaria Pesada,Mantenimiento de Maquinaria Pesada,presencial,2026-08-30,OPEN,2026-07-31 01:51:21.118,Perú,Ica,,NOT_STARTED,True,IS TDM SAC,Mantenimiento y Reparaciones Técnicas
6a6c00646a3415a21c1ae524,None,Practicante Profesional de Mantenimiento Eléctrico e Instrumentación,Instrumentación Minera,presencial,2026-08-28,OPEN,2026-07-31 01:54:44.801,Perú,Ica,,NOT_STARTED,True,Nexa Resources,Otros
6a6c01256a3415a21c1ae539,None,Ingeniero Junior de Equipos y Mantenimiento,Ingeniería Civil,presencial,2026-08-27,OPEN,2026-07-31 01:57:57.679,Perú,Ica,,NOT_STARTED,True,San Martin Contratistas Generales,Construcción e Ingeniería Civil
6a6c01cc6a3415a21c1ae54e,None,Administrador de Contratos,Minería,presencial,2026-08-28,OPEN,2026-07-31 02:00:44.036,Perú,Ica,,NOT_STARTED,True,MASTER DRILLING PERU SAC,"Minería, Petróleo, Energía y Gas"
6a6c02636a3415a21c1ae563,None,Tecnico Calderero,Mineria/Petroleo/Gas,presencial,2026-08-27,OPEN,2026-07-31 02:03:15.612,Perú,Ica,,NOT_STARTED,True,CONFIPETROL ANDINA S.A.,"Minería, Petróleo, Energía y Gas"
6a6c03ad6a3415a21c1ae57a,None,Supervisor de Fruta Industrial,Agroindustria / Producción,presencial,2026-08-24,OPEN,2026-07-31 02:08:45.505,Perú,Ica,,NOT_STARTED,True,Proterra Perú,"Agricultura, Ganadería y Agroindustria"
6a6c04ac6a3415a21c1ae58f,None,ASISTENTE DE CAMPO_ INGENIERO AGRONOMO o AGROINDUSTRIAL,Agronomía / Agroindustria,presencial,2026-08-05,CLOSED,2026-07-31 02:13:00.646,Perú,Ica,,NOT_STARTED,True,Universidad Privada San Juan Bautista,"Agricultura, Ganadería y Agroindustria"
6a6c05c46a3415a21c1ae5b9,None,Trabajador/a Social Senior,Trabajo Social,presencial,2026-08-27,OPEN,2026-07-31 02:17:40.860,Perú,Ica,,NOT_STARTED,True,San Martin Contratistas Generales,Otros
6a6ccacc0ab7bfdb6a835827,None,Asistente Contable para Outsourcing,Contabilidad,presencial,2026-08-15,OPEN,2026-07-31 16:18:20.649,Perú,Ica,,NOT_STARTED,True,DONAYRE CONSULTING & OUTSOURCING S.A.C.,"Administración, Contabilidad y Finanzas"
6a6ccbb40ab7bfdb6a83583c,None,EJECUTIVO/A DE NEGOCIOS PYME,Finanzas,presencial,2026-08-30,OPEN,2026-07-31 16:22:12.388,Perú,Ica,,NOT_STARTED,True,Adecco Perú S.A.,"Administración, Contabilidad y Finanzas"
6a6ccd7c0ab7bfdb6a835851,None,Asistente de ATC y Soporte,Gestión Académica y Atención al Usuario,presencial,2026-08-31,OPEN,2026-07-31 16:29:48.544,Perú,Ica,,NOT_STARTED,True,Matemath,Otros
6a6cce0d0ab7bfdb6a835866,None,Mercaderistas canal tradicional,Comercial,presencial,2026-08-31,OPEN,2026-07-31 16:32:13.652,Perú,Ica,,NOT_STARTED,True,Grupo Lucky,"Comercial, Ventas y Desarrollo de Negocios"
6a6ccf470ab7bfdb6a83587b,None,Coordinador de Redes e Infraestructura,,presencial,2026-08-21,OPEN,2026-07-31 16:37:27.183,Perú,Ica,,NOT_STARTED,True,Indra,Otros
6a6cd0500ab7bfdb6a835890,None,Programa de Prácticas Profesionales 2026,Mineria/Petroleo/Gas,presencial,2026-08-06,CLOSED,2026-07-31 16:41:52.549,Perú,Ica,,NOT_STARTED,True,SHOUGANG HIERRO PERU S.A.A.,"Minería, Petróleo, Energía y Gas"
6a6cd1560ab7bfdb6a8358a5,None,Supervisor Electrónico / Aceros Arequipa,Ingeniería Eléctrica y Electrónica,presencial,2026-08-30,OPEN,2026-07-31 16:46:14.686,Perú,Ica,,NOT_STARTED,True,CONFIPETROL ANDINA S.A.,Otros
6a6cd1ed0ab7bfdb6a8358ba,None,Ingeniero de Presupuestos y Valorizaciones,Ingeniería Civil,presencial,2026-08-14,OPEN,2026-07-31 16:48:45.678,Perú,Ica,,NOT_STARTED,True,Indra,Construcción e Ingeniería Civil
6a6cd2830ab7bfdb6a8358cf,None,Ingeniero de Planeamiento Minero,Ingeniería Industrial,presencial,2026-08-16,OPEN,2026-07-31 16:51:15.930,Perú,Ica,,NOT_STARTED,True,V y P ICE S.A.C.,"Producción, Manufactura y Operaciones"
6a6cd34c0ab7bfdb6a8358e4,None,Operador de Almacen / Sector Minero,Almacén / Depósito / Expedición,presencial,2026-08-29,OPEN,2026-07-31 16:54:36.023,Perú,Ica,,NOT_STARTED,True,ManpowerGroup,"Logística, Abastecimiento y Transporte"
6a6cd4180ab7bfdb6a8358f9,None,INGENIERO ESTRUCTURAL,Operaciones,presencial,2026-08-17,OPEN,2026-07-31 16:58:00.632,Perú,Ica,,NOT_STARTED,True,TACTICAL IT,"Producción, Manufactura y Operaciones"
6a6cd4c10ab7bfdb6a83590e,None,Ingeniero De Excelencia Operacional 14x7,Mineria/Petroleo/Gas,presencial,2026-08-31,OPEN,2026-07-31 17:00:49.382,Perú,Ica,,NOT_STARTED,True,AESA,"Minería, Petróleo, Energía y Gas"
6a6cd57f0ab7bfdb6a835923,None,Docente de Inglés,Educación/Docencia,presencial,2026-08-17,OPEN,2026-07-31 17:03:59.108,Perú,Ica,,NOT_STARTED,True,INSTITUTO CULTURAL PERUANO NORTEAMERICANO,Otros
6a6d19a19cbcb55c83c1fa74,None,Practicante de Sistemas,Data & Analytics,presencial,2026-08-30,OPEN,2026-07-31 21:54:41.999,Perú,Lima,INTERNSHIP,NOT_STARTED,True,Drogueria y Distribuidora Dicar SAC,Otros
6a6d19dc9cbcb55c83c1fa90,None,Practicante Profesional de Soporte Técnico e Infraestructura,Data & Analytics,presencial,2026-08-30,OPEN,2026-07-31 21:55:40.194,Perú,Lima,INTERNSHIP,NOT_STARTED,True,Bizlinks SAC,Otros
6a6d1a749cbcb55c83c1faa7,None,Practicante profesional de calidad,Data & Analytics,presencial,2026-08-30,OPEN,2026-07-31 21:58:12.156,Perú,Lima,INTERNSHIP,NOT_STARTED,True,Rubro alimentos Alitecno SAC,Otros
6a6d1b4f9cbcb55c83c1face,None,"Practicante / Junior de Dibujo Técnico, Diseño Mecánico y Máquinas Industriales",Data & Analytics,presencial,2026-08-30,OPEN,2026-07-31 22:01:51.567,Perú,Lima,INTERNSHIP,NOT_STARTED,True,Practicante / Junior de Dibujo Técnico AUTEN INGENIERIA S.A.C.,Otros
6a6d1bb49cbcb55c83c1fae2,None,Practicante QA,Data & Analytics,remoto,2026-08-30,OPEN,2026-07-31 22:03:32.565,Perú,Lima,INTERNSHIP,NOT_STARTED,True,Cima Latin America SAC,Otros
6a6d1bd69cbcb55c83c1faf4,None,practicante,Data & Analytics,remoto,2026-08-30,OPEN,2026-07-31 22:04:06.402,Perú,Lima,INTERNSHIP,NOT_STARTED,True,ingenieria de sistemas 8A INGENIERIA SUMINISTROS Y SOLUCIONES,Otros
6a6d1c6a9cbcb55c83c1fb0e,None,Practicante de Ingeniería,Data & Analytics,presencial,2026-08-30,OPEN,2026-07-31 22:06:34.294,Perú,Lima,INTERNSHIP,NOT_STARTED,True,Importante Empresa en el sector,Otros
6a6d1cd99cbcb55c83c1fb25,None,Practicante TIC Arequipa Rubro Transporte de Carga Pesada,Data & Analytics,presencial,2026-08-30,OPEN,2026-07-31 22:08:25.655,Perú,Arequipa,INTERNSHIP,NOT_STARTED,True,Hagemsa SAC,Otros
6a6d1f8a9cbcb55c83c1fb61,None,Practicante de Desarrollo de Software (Remoto),Data & Analytics,remoto,2026-08-30,OPEN,2026-07-31 22:19:54.067,Perú,Arequipa,INTERNSHIP,NOT_STARTED,True,Sevenward Technology,Otros
6a6d20279cbcb55c83c1fb89,None,Practicante de Ingeniería de Sistemas,Data & Analytics,remoto,2026-08-30,OPEN,2026-07-31 22:22:31.537,Perú,Arequipa,INTERNSHIP,NOT_STARTED,True,INGENIERIA SUMINISTROS Y SOLUCIONES,Otros
6a6d20875dcc9f9766bd547e,None,Practicante Profesional de Ingeniería Eléctrica,Data & Analytics,presencial,2026-08-30,OPEN,2026-07-31 22:24:07.698,Perú,Arequipa,INTERNSHIP,NOT_STARTED,True,OBEDIN,Otros
6a6d20ab5dcc9f9766bd5495,None,Practicante de Desarrollo de Software (Remoto),Data & Analytics,remoto,2026-08-30,OPEN,2026-07-31 22:24:43.163,Perú,Arequipa,INTERNSHIP,NOT_STARTED,True,MB GROUP SAC,Otros
6a6d20ad5dcc9f9766bd54a4,None,Practicante Pro de contabilidad SAP,Contabilidad,presencial,2026-08-14,OPEN,2026-07-31 22:24:45.317,Perú,Lima,,NOT_STARTED,True,Huevos La Calera,"Administración, Contabilidad y Finanzas"
6a6d21605dcc9f9766bd54e7,None,Practicante de TI,Data & Analytics,presencial,2026-08-30,OPEN,2026-07-31 22:27:44.152,Perú,Lima,INTERNSHIP,NOT_STARTED,True,Servicios Aeroportuarios Andinos SA,Otros
6a6d21885dcc9f9766bd5501,None,Practicante ingeniero de diseño mecánico CAD,Data & Analytics,presencial,2026-08-30,OPEN,2026-07-31 22:28:24.579,Perú,Lima,INTERNSHIP,NOT_STARTED,True,BENOTI,Otros
6a6d21b55dcc9f9766bd5518,None,Practicante Profesional de Desarrollo Digital,Data & Analytics,remoto,2026-08-30,OPEN,2026-07-31 22:29:09.645,Perú,Lima,INTERNSHIP,NOT_STARTED,True,Komatsu Mitsui,Otros
6a6d21c35dcc9f9766bd552f,None,Auxiliar Contabilidad Practicante,Contabilidad,presencial,2026-08-14,OPEN,2026-07-31 22:29:23.743,Perú,Lima,,NOT_STARTED,True,Capital Perú RRHHa,"Administración, Contabilidad y Finanzas"
6a6d221d5dcc9f9766bd555c,None,practicante,Data & Analytics,remoto,2026-08-30,OPEN,2026-07-31 22:30:53.900,Perú,Lima,INTERNSHIP,NOT_STARTED,True,INGENIERIA SUMINISTROS Y SOLUCIONES,Otros
6a6d228b5dcc9f9766bd5590,None,Practicante Contable,Data & Analytics,presencial,2026-08-30,OPEN,2026-07-31 22:32:43.834,Perú,Arequipa,INTERNSHIP,NOT_STARTED,True,Club Internacional Arequipa,Otros
6a6d22b55dcc9f9766bd55a7,None,Asistente y practicante de contabilidad,Data & Analytics,presencial,2026-08-30,OPEN,2026-07-31 22:33:25.256,Perú,Arequipa,INTERNSHIP,NOT_STARTED,True,PROSERING,Otros
6a6d22c75dcc9f9766bd55c3,None,Practicante Profesional Contable San Borja,Contabilidad y Finanzas,híbrido,2026-08-21,OPEN,2026-07-31 22:33:43.387,Perú,Lima,,NOT_STARTED,True,Inca Rail,"Administración, Contabilidad y Finanzas"
6a6d232f5dcc9f9766bd55e3,None,Practicante de Contabilidad,Data & Analytics,presencial,2026-08-30,OPEN,2026-07-31 22:35:27.609,Perú,Arequipa,INTERNSHIP,NOT_STARTED,True,Mind Group,Otros
6a6d239b5dcc9f9766bd560a,None,Practicante Contable,Data & Analytics,presencial,2026-08-30,OPEN,2026-07-31 22:37:15.702,Perú,Arequipa,INTERNSHIP,NOT_STARTED,True,Nexus Salud Ocupacional,Otros
6a6d23a15dcc9f9766bd561f,None,Practicante Profesional de Contabilidad y Administración,Contabilidad y Administración,presencial,2026-08-30,OPEN,2026-07-31 22:37:21.304,Perú,Lima,,NOT_STARTED,True,Estco Foods,"Administración, Contabilidad y Finanzas"
6a6d23df5dcc9f9766bd5636,None,Practicante universitaria,Data & Analytics,presencial,2026-08-30,OPEN,2026-07-31 22:38:23.113,Perú,Arequipa,INTERNSHIP,NOT_STARTED,True,Consultoría & Asesoría Empresarial Empresas Málaga E.I.R.L.,Otros
6a6d240e5dcc9f9766bd564d,None,Practicante Contable,Contabilidad,presencial,2026-08-30,OPEN,2026-07-31 22:39:10.032,Perú,Arequipa,INTERNSHIP,NOT_STARTED,True,Club Internacional Arequipa,"Administración, Contabilidad y Finanzas"
6a6d245d5dcc9f9766bd5664,None,Practicante de Contabilidad,Contabilidad,presencial,2026-08-24,OPEN,2026-07-31 22:40:29.864,Perú,Lima,,NOT_STARTED,True,Alpayana,"Administración, Contabilidad y Finanzas"
6a6d24c55dcc9f9766bd5692,None,Practicante de Contabilidad,Data & Analytics,presencial,2026-08-30,OPEN,2026-07-31 22:42:13.975,Perú,Arequipa,INTERNSHIP,NOT_STARTED,True,Mind Group,Otros
6a6d24ee5dcc9f9766bd56ac,None,Practicante ¡P R O! de logística,Logística,presencial,2026-08-30,OPEN,2026-07-31 22:42:54.380,Perú,Callao,PRACTICE,NOT_STARTED,True,INDELFI SAC,"Logística, Abastecimiento y Transporte"
6a6d253f5dcc9f9766bd56eb,None,Practicante Profesional de Contabilidad,Contabilidad,presencial,2026-08-14,OPEN,2026-07-31 22:44:15.733,Perú,Lima,,NOT_STARTED,True,TOTAL Servicios Financieros,"Administración, Contabilidad y Finanzas"
6a6d25bd5dcc9f9766bd5730,None,Trainee (Practicante Profesional) de contabilidad,Contabilidad,presencial,2026-08-24,OPEN,2026-07-31 22:46:21.030,Perú,Lima,,NOT_STARTED,True,Granja Rinconada del Sur S.A.,"Administración, Contabilidad y Finanzas"
6a6d25d05dcc9f9766bd5742,None,Practicante Contable,Data & Analytics,presencial,2026-08-30,OPEN,2026-07-31 22:46:40.486,Perú,Arequipa,INTERNSHIP,NOT_STARTED,True,"Nexus Salud Ocupacional Arequipa, Arequipa, Peru Apply Practicante Contable Nexus Salud Ocupacional Arequipa, Arequipa, Peru 3 weeks ago Be among the first 25 applicants See who Nexus Salud Ocupacional has hired for this role Apply Save Requisitos Técnico, egresado",Otros
6a6d26245dcc9f9766bd5767,None,Practicante Profesional de Gestión de Calidad,Data & Analytics,presencial,2026-08-30,OPEN,2026-07-31 22:48:04.265,Perú,Lima,INTERNSHIP,NOT_STARTED,True,Trupal S.A.,Otros
6a6d26275dcc9f9766bd5778,None,Practicante Profesional de Contabilidad,Contabilidad,híbrido,2026-08-24,OPEN,2026-07-31 22:48:07.393,Perú,Lima,,NOT_STARTED,True,Expertia Travel,"Administración, Contabilidad y Finanzas"
6a6d267d5dcc9f9766bd578d,None,Practicante Área de Créditos Zona Lima Norte,Data & Analytics,presencial,2026-08-30,OPEN,2026-07-31 22:49:33.950,Perú,Lima,INTERNSHIP,NOT_STARTED,True,Caja Huancayo,Otros
6a6d26e35dcc9f9766bd57b5,None,Practicante pre profesional de IA,Data & Analytics,remoto,2026-08-30,OPEN,2026-07-31 22:51:15.549,Perú,Lima,INTERNSHIP,NOT_STARTED,True,Canvia,Otros
6a6d27115dcc9f9766bd57cc,None,Programa Trainee de Excelencia 2026,Data & Analytics,presencial,2026-08-30,OPEN,2026-07-31 22:52:01.750,Perú,Lima,INTERNSHIP,NOT_STARTED,True,Polybags Perú,Otros
6a6d27475dcc9f9766bd57e0,None,Trainee de Operaciones Sector Finanzas,Data & Analytics,presencial,2026-08-30,OPEN,2026-07-31 22:52:55.310,Perú,Lima,INTERNSHIP,NOT_STARTED,True,ManpowerGroup,Otros
6a6d27825dcc9f9766bd57fc,None,Practicante Profesional de Operaciones Ambientales,Data & Analytics,presencial,2026-08-30,OPEN,2026-07-31 22:53:54.872,Perú,Lima,INTERNSHIP,NOT_STARTED,True,Resiter Peru SAC,Otros
6a6d27b55dcc9f9766bd5817,None,Practicante Profesional de Taller,Data & Analytics,remoto,2026-08-30,OPEN,2026-07-31 22:54:45.907,Perú,Lima,INTERNSHIP,NOT_STARTED,True,Lima MOTORLINK S.A.C.,Otros
6a6d27d95dcc9f9766bd5830,None,Practicante Profesional de Aseguramiento de la Rentabilidad,Data & Analytics,presencial,2026-08-30,OPEN,2026-07-31 22:55:21.340,Perú,La Libertad,INTERNSHIP,NOT_STARTED,True,Danper Trujillo SAC,Otros
6a6d28345dcc9f9766bd585e,None,Practicante de Desarrollo de Software,Tecnología y Sistemas,presencial,2026-08-30,OPEN,2026-07-31 22:56:52.424,Perú,Arequipa,,NOT_STARTED,True,BSG Institute,"Tecnología, Sistemas y Telecomunicaciones"
6a6d283d5dcc9f9766bd5872,None,Pesadores de Laboratorios/ Practicantes de Laboratorio,Data & Analytics,presencial,2026-08-30,OPEN,2026-07-31 22:57:01.795,Perú,Lima,INTERNSHIP,NOT_STARTED,True,ALS Perú,Otros
6a6d285b5dcc9f9766bd5886,None,Practicante Profesional de Mejora Continua,Data & Analytics,presencial,2026-08-30,OPEN,2026-07-31 22:57:31.586,Perú,Lima,INTERNSHIP,NOT_STARTED,True,Danper Trujillo SAC,Otros
6a6d287e5dcc9f9766bd589d,None,"Practicante Profesional de Administración, Marketing o Ingeniería Industrial",Data & Analytics,híbrido,2026-08-30,OPEN,2026-07-31 22:58:06.840,Perú,Lima,INTERNSHIP,NOT_STARTED,True,Importante Empresa en el sector,Otros
6a6d28d95dcc9f9766bd58c3,None,Practicante Profesional de Sistemas,Data & Analytics,presencial,2026-08-30,OPEN,2026-07-31 22:59:37.402,Perú,Lima,INTERNSHIP,NOT_STARTED,True,Iticsa - Chem Masters del Perú S.A.,Otros
6a6d29005dcc9f9766bd58d7,None,"Practicante Profesional de Help Desk e Infraestructura, Tecnologías de la Información",Data & Analytics,presencial,2026-08-30,OPEN,2026-07-31 23:00:16.554,Perú,Lima,INTERNSHIP,NOT_STARTED,True,Grupo Valora,Otros
6a6d29205dcc9f9766bd58eb,None,Analista de Ingeniería de Datos,Data & Analytics,remoto,2026-08-27,OPEN,2026-07-31 23:00:48.660,Perú,Arequipa,,NOT_STARTED,True,BairesDev,Otros
6a6d29245dcc9f9766bd58fa,None,Practicante en Programación PLC,Data & Analytics,remoto,2026-08-30,OPEN,2026-07-31 23:00:52.074,Perú,Lima,INTERNSHIP,NOT_STARTED,True,Lurin/ Chorrillos Sct Peru Sac,Otros
6a6d294f5dcc9f9766bd5912,None,Practicante Profesional de Ingeniería y Automatización,Data & Analytics,presencial,2026-08-30,OPEN,2026-07-31 23:01:35.363,Perú,Lima,INTERNSHIP,NOT_STARTED,True,CORPORACION INDEXUM S.A.C.,Otros
6a6d29745dcc9f9766bd592c,None,Practicante de Desarrollo Digital Egresado,Data & Analytics,remoto,2026-08-30,OPEN,2026-07-31 23:02:12.410,Perú,Lima,INTERNSHIP,NOT_STARTED,True,Komatsu Mitsui,Otros
6a6d299b5dcc9f9766bd5943,None,Practicante Profesional Administrativo Sede Pucusana,Data & Analytics,presencial,2026-08-30,OPEN,2026-07-31 23:02:51.291,Perú,Lima,INTERNSHIP,NOT_STARTED,True,Komatsu Mitsui,Otros
6a6d2a105dcc9f9766bd5960,None,ESPECIALISTA EN INGENIERÍA DE PROYECTOS,Ingeniería y Proyectos,presencial,2026-08-30,OPEN,2026-07-31 23:04:48.251,Perú,Lima,,NOT_STARTED,True,Universia Perú,Otros
6a6d2a755dcc9f9766bd5975,None,Practicante de Contabilidad,Contabilidad,remoto,2026-08-30,OPEN,2026-07-31 23:06:29.730,Perú,Lima,PRACTICE,NOT_STARTED,True,RBR CONSULTING SERVICES S.A.C.,"Administración, Contabilidad y Finanzas"
6a6d2a895dcc9f9766bd5991,None,Asistente de planeamiento e Ingeniería de Mina,Minería,presencial,2026-08-30,OPEN,2026-07-31 23:06:49.905,Perú,Arequipa,,NOT_STARTED,True,Compañía Minera Sol de los Andes S.A.C.,"Minería, Petróleo, Energía y Gas"
6a6d2b175dcc9f9766bd59b8,None,Asesor(a) de tesis — Modalidad freelance Ingeniería,Ingeniería e Investigación,remoto,2026-08-28,OPEN,2026-07-31 23:09:11.505,Perú,Arequipa,,NOT_STARTED,True,Grupo Ollarves,Otros
6a6d2b865dcc9f9766bd59cf,None,Asistente de Ingeniería de Mantenimiento,Mantenimiento,presencial,2026-08-26,OPEN,2026-07-31 23:11:02.813,Perú,Arequipa,,NOT_STARTED,True,ENERGIA PERU,Mantenimiento y Reparaciones Técnicas
6a6d2c045dcc9f9766bd59ea,None,Asistente de Gerencia para empresa de arquitectura e ingeniería en Arequipa,Administración y Gestión,presencial,2026-08-30,OPEN,2026-07-31 23:13:08.525,Perú,Arequipa,,NOT_STARTED,True,ManpowerGroup,"Administración, Contabilidad y Finanzas"
6a6d2c435dcc9f9766bd5a07,None,Intern  Finanzas - Lima,Finanzas,presencial,2026-08-22,OPEN,2026-07-31 23:14:11.852,Perú,Lima,INTERNSHIP,NOT_STARTED,True,Ecolab,"Administración, Contabilidad y Finanzas"
6a6d2c6e5dcc9f9766bd5a22,None,Practicante Ingeniería Industrial,Ingeniería Industrial,presencial,2026-08-24,OPEN,2026-07-31 23:14:54.917,Perú,Arequipa,,NOT_STARTED,True,LOGISTONE S.A.C.,"Producción, Manufactura y Operaciones"
6a6d2c985dcc9f9766bd5a34,None,Practicante Profesional de Base de Datos – Finanzas (Callao),Data & Analytics,remoto,2026-08-30,OPEN,2026-07-31 23:15:36.782,Perú,Lima,INTERNSHIP,NOT_STARTED,True,Newrest Peru SAC,Otros
6a6d2d0b5dcc9f9766bd5a57,None,Practicante Profesional de Capacitación / RRHH,Data & Analytics,presencial,2026-08-30,OPEN,2026-07-31 23:17:31.061,Perú,Lima,INTERNSHIP,NOT_STARTED,True,Importante Empresa en el sector,Otros
6a6d2d595dcc9f9766bd5a7c,None,Técnico en ingeniería mecánica de producción,Producción y Mantenimiento,presencial,2026-08-24,OPEN,2026-07-31 23:18:49.813,Perú,Arequipa,,NOT_STARTED,True,FACOGEM INDUSTRIAL SOC DE RES LTDA,Mantenimiento y Reparaciones Técnicas
6a6d2d5f5dcc9f9766bd5a8b,None,Practicante Profesional de Linea Ética Cumplimiento,Data & Analytics,remoto,2026-08-30,OPEN,2026-07-31 23:18:55.165,Perú,Lima,INTERNSHIP,NOT_STARTED,True,Komatsu Mitsui,Otros
6a6d2d8a5dcc9f9766bd5aa8,None,Practicante de mantenimiento,Data & Analytics,presencial,2026-08-30,OPEN,2026-07-31 23:19:38.290,Perú,Lima,INTERNSHIP,NOT_STARTED,True,Importante Empresa en el sector,Otros
6a6d2dae5dcc9f9766bd5ad7,None,Practicante Profesional de Inteligencia Comercial Cummins,Data & Analytics,presencial,2026-08-30,OPEN,2026-07-31 23:20:14.148,Perú,Lima,INTERNSHIP,NOT_STARTED,True,Komatsu Mitsui,Otros
6a6d2dcc5dcc9f9766bd5af3,None,Practicante de Compras Callao,Data & Analytics,remoto,2026-08-30,OPEN,2026-07-31 23:20:44.594,Perú,Lima,INTERNSHIP,NOT_STARTED,True,Transber,Otros
6a6d2df35dcc9f9766bd5b18,None,Practicante Profesional de Calidad Alimentaria,Data & Analytics,presencial,2026-08-30,OPEN,2026-07-31 23:21:23.213,Perú,Lima,INTERNSHIP,NOT_STARTED,True,Gate Gourmet Perú,Otros
6a6d2e165dcc9f9766bd5b31,None,Practicante de ingeniería industrial,Data & Analytics,presencial,2026-08-30,OPEN,2026-07-31 23:21:58.728,Perú,Lima,INTERNSHIP,NOT_STARTED,True,CSC & TRADING S.A.,Otros
6a6d2e205dcc9f9766bd5b43,None,Ingeniería Industrial,Tecnología y Proyectos,presencial,2026-08-24,OPEN,2026-07-31 23:22:08.144,Perú,Arequipa,,NOT_STARTED,True,9780Bitcoin,"Tecnología, Sistemas y Telecomunicaciones"
6a6d2e815dcc9f9766bd5b5b,None,Practicante contable,Contabilidad,presencial,2026-08-14,OPEN,2026-07-31 23:23:45.316,Perú,Callao,,NOT_STARTED,True,MORE Y DIAZ CONTADORES SAC,"Administración, Contabilidad y Finanzas"
6a6d2e9b5dcc9f9766bd5b74,None,Coordinador(a) Académico de Ingeniería Mecánica o Mecatrónica,Educación,presencial,2026-08-30,OPEN,2026-07-31 23:24:11.256,Perú,Arequipa,,NOT_STARTED,True,Universidad Tecnológica del Perú,Otros
6a6d2e9b5dcc9f9766bd5b79,None,Practicante de Finanzas,Finanzas,presencial,2026-08-30,OPEN,2026-07-31 23:24:11.415,Perú,Lima,INTERNSHIP,NOT_STARTED,True,Fosforera Peruana,"Administración, Contabilidad y Finanzas"
6a6d2f215dcc9f9766bd5bcc,None,Practicante Profesional de HSEQ /Hochschild,Data & Analytics,presencial,2026-08-30,OPEN,2026-07-31 23:26:25.398,Perú,Arequipa,INTERNSHIP,NOT_STARTED,True,AMBIPAR,Otros
6a6d2f325dcc9f9766bd5bde,None,Practicante Profesional Logistica,Data & Analytics,presencial,2026-08-30,OPEN,2026-07-31 23:26:42.010,Perú,Arequipa,INTERNSHIP,NOT_STARTED,True,B&B Murillo SAC,Otros
6a6d2f475dcc9f9766bd5bf1,None,Trainee de Contabilidad,Finanzas,presencial,2026-08-30,OPEN,2026-07-31 23:27:03.349,Perú,Lima,INTERNSHIP,NOT_STARTED,True,EY,"Administración, Contabilidad y Finanzas"
6a6d2f505dcc9f9766bd5c0d,None,Asesor Académico Junior del área de Ingeniería Civil,Ingeniería Civil,híbrido,2026-08-30,OPEN,2026-07-31 23:27:13.002,Perú,Arequipa,,NOT_STARTED,True,CIVITAS ACADEMICA,Construcción e Ingeniería Civil
6a6d2f515dcc9f9766bd5c0f,None,Practicante Comercial de Agronomía – Arequipa,Data & Analytics,presencial,2026-08-30,OPEN,2026-07-31 23:27:13.083,Perú,Arequipa,INTERNSHIP,NOT_STARTED,True,Grupo Expro,Otros
6a6d2f615dcc9f9766bd5c2a,None,Practicante Profesional de Aseguramiento de la Rentabilidad,Data & Analytics,presencial,2026-08-30,OPEN,2026-07-31 23:27:29.133,Perú,Arequipa,INTERNSHIP,NOT_STARTED,True,Danper Trujillo SAC,Otros
6a6d2f805dcc9f9766bd5c46,None,Practicante Profesional – Riesgo Operacional Financiero,Riesgo Operacional Financiero,presencial,2026-08-30,OPEN,2026-07-31 23:28:00.950,Perú,Arequipa,INTERNSHIP,NOT_STARTED,True,Coopac Kori,Otros
6a6d2ff85dcc9f9766bd5c93,None,Practicante Profesional de Ingeniería Alimentaria o Ingeniería Química,Calidad,presencial,2026-08-14,OPEN,2026-07-31 23:30:00.448,Perú,Arequipa,,NOT_STARTED,True,DALSA PERU SAC,Otros
6a6d300c5dcc9f9766bd5cb9,None,Practicante de Contabilidad,Contabilidad,presencial,2026-08-08,CLOSED,2026-07-31 23:30:20.927,Perú,Lima,INTERNSHIP,NOT_STARTED,True,ENGIE Energía Perú,"Administración, Contabilidad y Finanzas"
6a6d302d5dcc9f9766bd5ced,None,practicante de Mecánica/Mecatrónica Automotriz,Data & Analytics,presencial,2026-08-30,OPEN,2026-07-31 23:30:53.704,Perú,Arequipa,INTERNSHIP,NOT_STARTED,True,DIESEL S.R.L.,Otros
6a6d30465dcc9f9766bd5cff,None,Practicante Profesional de Contabilidad,Data & Analytics,híbrido,2026-08-30,OPEN,2026-07-31 23:31:18.750,Perú,Lima,INTERNSHIP,NOT_STARTED,True,Expertia Travel,Otros
6a6d305d5dcc9f9766bd5d14,None,Practicante de Finanzas,Data & Analytics,presencial,2026-08-30,OPEN,2026-07-31 23:31:41.122,Perú,Lima,INTERNSHIP,NOT_STARTED,True,Anddes,Otros
6a6d30a45dcc9f9766bd5d58,None,Practicante de Ingeniería Mecánica,Ingeniería Civil,presencial,2026-08-14,OPEN,2026-07-31 23:32:52.140,Perú,Arequipa,,NOT_STARTED,True,STEEL E.I.R.L.,Construcción e Ingeniería Civil
6a6d31275dcc9f9766bd5d97,None,Practicante de Contabilidad y Finanzas,Data & Analytics,presencial,2026-08-30,OPEN,2026-07-31 23:35:03.706,Perú,Lima,INTERNSHIP,NOT_STARTED,True,Casa & Houses sector inmobiliario,Otros
6a6d313a5dcc9f9766bd5db3,None,Practicante Pre profesional de Finanzas,Data & Analytics,híbrido,2026-08-30,OPEN,2026-07-31 23:35:22.917,Perú,Lima,INTERNSHIP,NOT_STARTED,True,ManpowerGroup,Otros
6a6d313c5dcc9f9766bd5dc2,None,Bachiller en Ingeniería y especialización en HSEQ,Seguridad y Salud Ocupacional,presencial,2026-08-30,OPEN,2026-07-31 23:35:24.487,Perú,Arequipa,,NOT_STARTED,True,CORPORATION QHSE PERÚ S.A.C.,"Salud, Medicina y Farmacia"
6a6d314b5dcc9f9766bd5dd4,None,Practicante de contabilidad,Contabilidad,presencial,2026-08-03,CLOSED,2026-07-31 23:35:39.089,Perú,Lima,INTERNSHIP,NOT_STARTED,True,VIAPLAST SAC,"Administración, Contabilidad y Finanzas"
6a6d314d5dcc9f9766bd5de4,None,Practicante Preprofesional de Administración y Finanzas,Data & Analytics,presencial,2026-08-30,OPEN,2026-07-31 23:35:41.427,Perú,Lima,INTERNSHIP,NOT_STARTED,True,Industrias San Miguel!,Otros
6a6d31d15dcc9f9766bd5e6f,None,Accounting Intern,Contabilidad,presencial,2026-08-30,OPEN,2026-07-31 23:37:53.670,Perú,Lima,INTERNSHIP,NOT_STARTED,True,"Levi Strauss & Co. Lima, Peru","Administración, Contabilidad y Finanzas"
6a6d31e05dcc9f9766bd5e81,None,Practicante Profesional de Laboratorio Microbiológico,,presencial,2026-08-30,OPEN,2026-07-31 23:38:08.616,Perú,Arequipa,,NOT_STARTED,True,Danper Trujillo SAC,Otros
6a6d32195dcc9f9766bd5eb9,None,Practicante de finanzas - Sector construcción,Data & Analytics,presencial,2026-08-30,OPEN,2026-07-31 23:39:05.286,Perú,Lima,INTERNSHIP,NOT_STARTED,True,Grupo Flesan,Otros
6a6d328a5dcc9f9766bd5efa,None,Practicante de mantenimiento,Ingeniería Mecánica y Eléctrica,presencial,2026-08-24,OPEN,2026-07-31 23:40:58.041,Perú,Arequipa,,NOT_STARTED,True,CONSORCIO INDUSTRIAL DE AREQUIPA SA,Otros
6a6d32a15dcc9f9766bd5f17,None,Practicante Pre Profesional de Finanzas | Corporativo,Data & Analytics,híbrido,2026-08-30,OPEN,2026-07-31 23:41:21.590,Perú,Lima,,NOT_STARTED,True,Nexa Resources,Otros
6a6d32c55dcc9f9766bd5f43,None,Practicante de Finanzas- San Isidro,Data & Analytics,híbrido,2026-08-30,OPEN,2026-07-31 23:41:57.332,Perú,Lima,INTERNSHIP,NOT_STARTED,True,GRUPO JLB S.A,Otros
6a6d32d15dcc9f9766bd5f5f,None,Intern Accounting & external reporting,Contabilidad,presencial,2026-08-30,OPEN,2026-07-31 23:42:09.313,Perú,Lima,INTERNSHIP,NOT_STARTED,True,Mondelēz International,"Administración, Contabilidad y Finanzas"
6a6d32dd5dcc9f9766bd5f6e,None,Practicante de Finanzas y Tesorería,Data & Analytics,presencial,2026-08-30,OPEN,2026-07-31 23:42:21.617,Perú,Lima,INTERNSHIP,NOT_STARTED,True,Khana Consultores,Otros
6a6d32fc5dcc9f9766bd5f92,None,Practicante Pre Profesional de Administración y Finanzas,Data & Analytics,presencial,2026-08-30,OPEN,2026-07-31 23:42:52.789,Perú,Lima,INTERNSHIP,NOT_STARTED,True,Overall Strategy,Otros
6a6d330e5dcc9f9766bd5fb9,None,Practicante profesional de Finanzas,Data & Analytics,presencial,2026-08-30,OPEN,2026-07-31 23:43:10.996,Perú,Lima,INTERNSHIP,NOT_STARTED,True,Topi Top,Otros
6a6d33195dcc9f9766bd5fc8,None,practicante - ingenieria de sistemas,Tecnología y Sistemas,remoto,2026-08-14,OPEN,2026-07-31 23:43:21.725,Perú,Piura,,NOT_STARTED,True,Ingeniería Suministros y Soluciones,"Tecnología, Sistemas y Telecomunicaciones"
6a6d33375dcc9f9766bd5fff,None,Practicante de Finanzas,Data & Analytics,híbrido,2026-08-30,OPEN,2026-07-31 23:43:51.847,Perú,Lima,INTERNSHIP,NOT_STARTED,True,UNACEM Global Business Services,Otros
6a6d334a5dcc9f9766bd6027,None,9294 PRACTICANTE PROFESIONAL DE ADMINISTRACION Y FINANZAS - UNNA TRANSPORTE S.A.C,Data & Analytics,presencial,2026-08-30,OPEN,2026-07-31 23:44:10.024,Perú,Lima,INTERNSHIP,NOT_STARTED,True,Buscar empleo por puesto,Otros
6a6d335c5dcc9f9766bd603b,None,Practicante Profesional de Finanzas,Data & Analytics,presencial,2026-08-30,OPEN,2026-07-31 23:44:28.783,Perú,Lima,INTERNSHIP,NOT_STARTED,True,Buscar empleo por puesto,Otros
6a6d336f5dcc9f9766bd604d,None,PRACTICANTE PROFESIONAL DE ADMINISTRACION Y FINANZAS,Data & Analytics,presencial,2026-08-30,OPEN,2026-07-31 23:44:47.103,Perú,Lima,INTERNSHIP,NOT_STARTED,True,Buscar empleo por puesto,Otros
6a6d33b45dcc9f9766bd606c,None,Practicante de Ingeniería Mecánica y/o Industrial,Mecánica,presencial,2026-08-26,OPEN,2026-07-31 23:45:56.877,Perú,Callao,,NOT_STARTED,True,DESCOTEC SAC,Otros
6a6d34345dcc9f9766bd6084,None,Practicante Profesional de Logística,Logística,presencial,2026-08-30,OPEN,2026-07-31 23:48:04.633,Perú,Callao,,NOT_STARTED,True,Reactivos Nacionales S.A.,"Logística, Abastecimiento y Transporte"
6a6d34375dcc9f9766bd6090,None,Practicante de Negocios Arequipa,Administración,presencial,2026-08-30,OPEN,2026-07-31 23:48:07.687,Perú,Arequipa,INTERNSHIP,NOT_STARTED,True,Caja Trujillo,"Administración, Contabilidad y Finanzas"
6a6d349d5dcc9f9766bd60a2,None,Asistente y practicante de contabilidad,Contabilidad,presencial,2026-08-14,OPEN,2026-07-31 23:49:49.297,Perú,Arequipa,PRACTICE,NOT_STARTED,True,PROSERING,"Administración, Contabilidad y Finanzas"
6a6d34b55dcc9f9766bd60b9,None,Practicante de Ingeniería Industrial,Procesos y Mejora Continua,presencial,2026-08-24,OPEN,2026-07-31 23:50:13.728,Perú,Callao,,NOT_STARTED,True,Gate Gourmet Perú,Otros
6a6d352c5dcc9f9766bd60da,None,Practicante Pre Profesional Engineering,Sistemas/Software,presencial,2026-08-30,OPEN,2026-07-31 23:52:12.503,Perú,Lima,INTERNSHIP,NOT_STARTED,True,Scotiabank,"Tecnología, Sistemas y Telecomunicaciones"
6a6d352d5dcc9f9766bd60e2,None,Practicante Profesional de Administración y Finanzas,Administración,presencial,2026-08-24,OPEN,2026-07-31 23:52:13.309,Perú,Callao,,NOT_STARTED,True,Reactivos Nacionales S.A.,"Administración, Contabilidad y Finanzas"
6a6d35eb5dcc9f9766bd610c,None,Asistente/a de ingeniería,Ingeniería Eléctrica,presencial,2026-08-14,OPEN,2026-07-31 23:55:23.474,Perú,Callao,,NOT_STARTED,True,Electro Volt Ingenieros S.A.,Otros
6a6d36b05dcc9f9766bd6140,None,Practicante Profesional de Linea Ética Cumplimiento,Business Intelligence / Analytics,híbrido,2026-08-30,OPEN,2026-07-31 23:58:40.571,Perú,Callao,,NOT_STARTED,True,Komatsu Mitsui,Otros
6a6d37815dcc9f9766bd615f,None,Practicante Pre Profesional de Finanzas,Data & Analytics,híbrido,2026-08-31,OPEN,2026-08-01 00:02:09.859,Perú,Lima,INTERNSHIP,NOT_STARTED,True,Grupo Tawa,Otros
6a6d37895dcc9f9766bd6177,None,Practicante Profesional Administrativo,Administración y Gestión,presencial,2026-08-30,OPEN,2026-08-01 00:02:17.823,Perú,,,NOT_STARTED,True,Sodexo Perú S.A.C.,"Administración, Contabilidad y Finanzas"
6a6d378a5dcc9f9766bd617d,None,PRACTICANTE PRE PROFESIONAL SISTEMAS,Sistemas/Software,presencial,2026-08-30,OPEN,2026-08-01 00:02:18.180,Perú,Lima,INTERNSHIP,NOT_STARTED,True,AENZA,"Tecnología, Sistemas y Telecomunicaciones"
6a6d37c75dcc9f9766bd61a7,None,PRACTICANTE DE CONTABILIDAD,Data & Analytics,presencial,2026-08-31,OPEN,2026-08-01 00:03:19.618,Perú,Lima,INTERNSHIP,NOT_STARTED,True,BLUE PACIFIC OILS,Otros
6a6d383e5dcc9f9766bd61e9,None,Practicante de Contabilidad,Data & Analytics,presencial,2026-08-31,OPEN,2026-08-01 00:05:18.288,Perú,Lima,INTERNSHIP,NOT_STARTED,True,Consultora Vilchez Y Asociados,Otros
6a6d38b85dcc9f9766bd6232,None,Practicante Profesional de TI,TI,presencial,2026-08-31,OPEN,2026-08-01 00:07:20.743,Perú,Lima,INTERNSHIP,NOT_STARTED,True,Pastelería San Antonio,Otros
6a6d38f75dcc9f9766bd6256,None,Practicante Profesional de Contabilidad,Data & Analytics,presencial,2026-08-31,OPEN,2026-08-01 00:08:23.267,Perú,Lima,INTERNSHIP,NOT_STARTED,True,GRUPO WITHMORY,Otros
6a6d390b5dcc9f9766bd6272,None,Practicante preprofesional de contabilidad,Data & Analytics,presencial,2026-08-31,OPEN,2026-08-01 00:08:43.644,Perú,Lima,INTERNSHIP,NOT_STARTED,True,America Movil Peru SAC,Otros
6a6d39175dcc9f9766bd6299,None,Practicante ¡P R O! de logística,Logística y Abastecimiento,presencial,2026-08-30,OPEN,2026-08-01 00:08:55.446,Perú,Callao,,NOT_STARTED,True,INDELFI SAC,"Logística, Abastecimiento y Transporte"
6a6d39445dcc9f9766bd62bc,None,PRACTICANTE PROFESIONAL DE CONTABILIDAD,Data & Analytics,híbrido,2026-08-31,OPEN,2026-08-01 00:09:40.261,Perú,Lima,INTERNSHIP,NOT_STARTED,True,PROTECTA SECURITY,Otros
6a6d39595dcc9f9766bd62ce,None,PRACTICANTE DE CONTABILIDAD,Data & Analytics,presencial,2026-08-31,OPEN,2026-08-01 00:10:01.243,Perú,Lima,INTERNSHIP,NOT_STARTED,True,SCHNEIDER INGENIEROS SAC,Otros
6a6d395c5dcc9f9766bd62dd,None,Practicante Profesional de Soporte y Sistemas,Sistemas/Software,presencial,2026-08-31,OPEN,2026-08-01 00:10:04.720,Perú,Lima,INTERNSHIP,NOT_STARTED,True,Grupo ISAMISA,"Tecnología, Sistemas y Telecomunicaciones"
6a6d39a75dcc9f9766bd6329,None,Practicante de Contabilidad,Data & Analytics,presencial,2026-08-31,OPEN,2026-08-01 00:11:19.463,Perú,Lima,INTERNSHIP,NOT_STARTED,True,Crack Store Peru,Otros
6a6d39bb5dcc9f9766bd634e,None,Practicante Profesional de Contabilidad,Data & Analytics,presencial,2026-08-31,OPEN,2026-08-01 00:11:39.041,Perú,Lima,INTERNSHIP,NOT_STARTED,True,IMARK,Otros
6a6d39eb5dcc9f9766bd63a4,None,Practicante Profesional de Contabilidad,Data & Analytics,híbrido,2026-08-31,OPEN,2026-08-01 00:12:27.263,Perú,Lima,INTERNSHIP,NOT_STARTED,True,SIGLO BPO,Otros
6a6d39fd5dcc9f9766bd63c0,None,Practicante Profesional de Contabilidad,Data & Analytics,presencial,2026-08-31,OPEN,2026-08-01 00:12:45.370,Perú,Lima,INTERNSHIP,NOT_STARTED,True,E.A.C. Ingenieros SRL,Otros
6a6d3b1a5dcc9f9766bd6408,None,Practicante de Contabilidad,Data & Analytics,presencial,2026-08-31,OPEN,2026-08-01 00:17:30.957,Perú,Lima,INTERNSHIP,NOT_STARTED,True,Sullair,Otros
6a6d3b1f5dcc9f9766bd641a,None,Practicante Profesional de Sistemas Integrados de Gestión,Sistemas/Software,presencial,2026-08-31,OPEN,2026-08-01 00:17:35.642,Perú,Lima,INTERNSHIP,NOT_STARTED,True,Canvia,"Tecnología, Sistemas y Telecomunicaciones"
6a6d3b8e5dcc9f9766bd6437,None,Practicante de Contabilidad,Data & Analytics,presencial,2026-08-31,OPEN,2026-08-01 00:19:26.084,Perú,Lima,INTERNSHIP,NOT_STARTED,True,OLMARA EDUCACION,Otros
6a6d3b975dcc9f9766bd6453,None,Practicante Profesional de Base de Datos,Bases de Datos,presencial,2026-08-30,OPEN,2026-08-01 00:19:35.360,Perú,Callao,,NOT_STARTED,True,Newrest Peru SAC,Otros
6a6d3ba15dcc9f9766bd6462,None,Practicante de Contabilidad,Data & Analytics,presencial,2026-08-31,OPEN,2026-08-01 00:19:45.869,Perú,Lima,INTERNSHIP,NOT_STARTED,True,MULTI BELAND,Otros
6a6d3bb45dcc9f9766bd6487,None,Practicante Profesional de Contabilidad,Data & Analytics,presencial,2026-08-31,OPEN,2026-08-01 00:20:04.533,Perú,Lima,INTERNSHIP,NOT_STARTED,True,V&V Inmobiliaria,Otros
6a6d3bc85dcc9f9766bd6496,None,Practicante Funcional de Sistemas,Sistemas/Software,presencial,2026-08-31,OPEN,2026-08-01 00:20:24.501,Perú,Lima,INTERNSHIP,NOT_STARTED,True,Monark Peru,"Tecnología, Sistemas y Telecomunicaciones"
6a6d3c155dcc9f9766bd64aa,None,Practicante Profesional de Costos e Innovación,Operaciones,presencial,2026-08-31,OPEN,2026-08-01 00:21:41.663,Perú,Callao,,NOT_STARTED,True,MODEPSA S.A.C.,"Producción, Manufactura y Operaciones"
6a6d3cc65dcc9f9766bd64d8,None,Practicante administrativo/a,Administración,presencial,2026-08-30,OPEN,2026-08-01 00:24:38.899,Perú,Callao,PRACTICE,NOT_STARTED,True,ACROPOLIS HELLAS E.I.R.L.,"Administración, Contabilidad y Finanzas"
6a6d3d095dcc9f9766bd64f7,None,Practicante Profesional de Proyectos,Ingeniería,presencial,2026-08-31,OPEN,2026-08-01 00:25:45.384,Perú,Lima,INTERNSHIP,NOT_STARTED,True,Tisur S.A.,Otros
6a6d3d3e5dcc9f9766bd6516,None,Practicante Profesional de Desarrollo Digital,Tecnología y Desarrollo de Software,presencial,2026-08-28,OPEN,2026-08-01 00:26:38.135,Perú,Callao,,NOT_STARTED,True,Komatsu Mitsui,"Tecnología, Sistemas y Telecomunicaciones"
6a6d3da15dcc9f9766bd6550,None,Practicante de Contabilidad,Data & Analytics,presencial,2026-08-31,OPEN,2026-08-01 00:28:17.016,Perú,Lima,INTERNSHIP,NOT_STARTED,True,Importante Empresa en el sector,Otros
6a6d3da55dcc9f9766bd6562,None,Practicante de Base de datos: RR.HH.,Recursos Humanos y Datos,presencial,2026-08-28,OPEN,2026-08-01 00:28:21.528,Perú,Callao,,NOT_STARTED,True,BENOTI,Recursos Humanos y Capacitación
6a6d3db45dcc9f9766bd6571,None,Practicante de Contabilidad,Data & Analytics,presencial,2026-08-31,OPEN,2026-08-01 00:28:36.226,Perú,Lima,INTERNSHIP,NOT_STARTED,True,REMAJU,Otros
6a6d3dcc5dcc9f9766bd658c,None,Practicante Profesional de Finanzas,Data & Analytics,presencial,2026-08-31,OPEN,2026-08-01 00:29:00.841,Perú,Lima,INTERNSHIP,NOT_STARTED,True,Practicante Profesional de Finanzas RESEMIN,Otros
6a6d3dde5dcc9f9766bd659e,None,"Practicante de Finanzas, Cobranza y Control de Riesgo",Data & Analytics,presencial,2026-08-31,OPEN,2026-08-01 00:29:18.883,Perú,Lima,INTERNSHIP,NOT_STARTED,True,Importante Empresa en el sector,Otros
6a6d3df15dcc9f9766bd65b0,None,Practicante Profesional de Control de Gestión Finanzas,Data & Analytics,remoto,2026-08-31,OPEN,2026-08-01 00:29:37.885,Perú,Lima,INTERNSHIP,NOT_STARTED,True,SEDE CORPORATIVA,Otros
6a6d3e0a5dcc9f9766bd65c2,None,Practicante Profesional de Finanzas / Únete a la Planta que Lleva la Tara del Perú al Mundo,Data & Analytics,presencial,2026-08-31,OPEN,2026-08-01 00:30:02.112,Perú,Lima,INTERNSHIP,NOT_STARTED,True,Importante Empresa en el sector,Otros
6a6d3e265dcc9f9766bd65eb,None,S/1130/ Practicante de Finanzas Pre/Pro,Data & Analytics,presencial,2026-08-31,OPEN,2026-08-01 00:30:30.070,Perú,Lima,INTERNSHIP,NOT_STARTED,True,Lavoro Perú,Otros
6a6d3e2e5dcc9f9766bd65fd,None,Practicante de Recursos Humanos,Recursos Humanos,presencial,2026-08-27,OPEN,2026-08-01 00:30:38.449,Perú,Callao,,NOT_STARTED,True,Industrias del Envase S.A.,Recursos Humanos y Capacitación
6a6d3e505dcc9f9766bd6629,None,Practicante profesional de finanzas,Data & Analytics,presencial,2026-08-31,OPEN,2026-08-01 00:31:12.085,Perú,Lima,INTERNSHIP,NOT_STARTED,True,Bitel,Otros
6a6d3e615dcc9f9766bd663e,None,Practicante preprofesional de Control de Gestión,Data & Analytics,presencial,2026-08-31,OPEN,2026-08-01 00:31:29.320,Perú,Lima,INTERNSHIP,NOT_STARTED,True,Finanzas Surco,Otros
6a6d3e785dcc9f9766bd6665,None,Practicante pre de Finanzas,Data & Analytics,presencial,2026-08-31,OPEN,2026-08-01 00:31:52.206,Perú,Lima,INTERNSHIP,NOT_STARTED,True,INDUSTRIA VARESA S.R.L,Otros
6a6d3e895dcc9f9766bd6687,None,Practicante de contabilidad y finanzas,Data & Analytics,presencial,2026-08-31,OPEN,2026-08-01 00:32:09.177,Perú,Lima,INTERNSHIP,NOT_STARTED,True,JOPESA S.A.,Otros
6a6d3ea95dcc9f9766bd66ae,None,Practicante Área de Créditos Zona Lima Norte,Data & Analytics,presencial,2026-08-31,OPEN,2026-08-01 00:32:41.623,Perú,Lima,INTERNSHIP,NOT_STARTED,True,Caja Huancayo,Otros
6a6d3ebe5dcc9f9766bd66c3,None,Asesor(a) de tesis,Investigación y Educación,presencial,2026-08-29,OPEN,2026-08-01 00:33:02.369,Perú,Arequipa,,NOT_STARTED,True,Grupo Ollarves,Otros
6a6d3efb5dcc9f9766bd66f7,None,Practicante Profesional de Planificación Financiera,Data & Analytics,remoto,2026-08-31,OPEN,2026-08-01 00:34:03.760,Perú,Lima,INTERNSHIP,NOT_STARTED,True,Financiera Confianza,Otros
6a6d3f165dcc9f9766bd670e,None,Practicante Profesional de Compras / Contratos,Data & Analytics,remoto,2026-08-31,OPEN,2026-08-01 00:34:30.886,Perú,Lima,INTERNSHIP,NOT_STARTED,True,Grupo Tawa,Otros
6a6d3f295dcc9f9766bd6731,None,Practicante Profesional De Planeamiento,Data & Analytics,remoto,2026-08-31,OPEN,2026-08-01 00:34:49.201,Perú,Lima,INTERNSHIP,NOT_STARTED,True,Financiera Confianza,Otros
6a6d3f3a5dcc9f9766bd675b,None,Practicante Profesional De Contabilidad San Isidro,Contabilidad,híbrido,2026-08-31,OPEN,2026-08-01 00:35:06.209,Perú,Lima,INTERNSHIP,NOT_STARTED,True,G4S Peru SAC,"Administración, Contabilidad y Finanzas"
6a6d3f575dcc9f9766bd6781,None,Practicante Profesional de Créditos y Cobranzas Chorrillos,Data & Analytics,presencial,2026-08-31,OPEN,2026-08-01 00:35:35.924,Perú,Lima,INTERNSHIP,NOT_STARTED,True,Tándem Eje,Otros
6a6d3f735dcc9f9766bd6798,None,Docente de Ingeniería Mecatrónica,Docencia Universitaria,presencial,2026-08-31,OPEN,2026-08-01 00:36:03.441,Perú,Lima,,NOT_STARTED,True,Universidad Privada del Norte S.A.C.,Otros
6a6d3f765dcc9f9766bd67ac,None,Practicante de tesorería,Tesorería,presencial,2026-08-31,OPEN,2026-08-01 00:36:06.924,Perú,Lima,INTERNSHIP,NOT_STARTED,True,ManpowerGroup,"Administración, Contabilidad y Finanzas"
6a6d3f8c5dcc9f9766bd67d3,None,Practicante Profesional de Contabilidad,Contabilidad,híbrido,2026-08-31,OPEN,2026-08-01 00:36:28.592,Perú,Lima,INTERNSHIP,NOT_STARTED,True,Adecco Perú S.A.,"Administración, Contabilidad y Finanzas"
6a6d3f9f5dcc9f9766bd6802,None,Practicante Profesional de Contabilidad,Data & Analytics,presencial,2026-08-31,OPEN,2026-08-01 00:36:47.395,Perú,Lima,INTERNSHIP,NOT_STARTED,True,Adecco Perú S.A.,Otros
6a6d3fb95dcc9f9766bd683c,None,Practicante de Control de Proyectos,Data & Analytics,presencial,2026-08-31,OPEN,2026-08-01 00:37:13.547,Perú,Lima,INTERNSHIP,NOT_STARTED,True,Practicante de Control de Proyectos MAGNEX GROUP PERU S.A.C.,Otros
6a6d3fe75dcc9f9766bd684e,None,Practicante/Auxiliar de contabilidad y finanzas,Data & Analytics,presencial,2026-08-31,OPEN,2026-08-01 00:37:59.049,Perú,Arequipa,INTERNSHIP,NOT_STARTED,True,LOGISTONE S.A.C.,Otros
6a6d40095dcc9f9766bd6860,None,Practicante para el área de Finanzas,Finanzas,presencial,2026-08-31,OPEN,2026-08-01 00:38:33.005,Perú,Arequipa,INTERNSHIP,NOT_STARTED,True,Practicante para el área de Finanzas Importante,"Administración, Contabilidad y Finanzas"
6a6d404f5dcc9f9766bd6893,None,"Practicante de Ingeniería, Proyectos y Servicios",Ingeniería y Automatización,presencial,2026-08-23,OPEN,2026-08-01 00:39:43.353,Perú,Lima,,NOT_STARTED,True,Din Automatización SAC,Otros
6a6d40775dcc9f9766bd68b4,None,asistente contable/practicante contable,Contabilidad,presencial,2026-08-31,OPEN,2026-08-01 00:40:23.972,Perú,Arequipa,INTERNSHIP,NOT_STARTED,True,EZCONZA ASESORES,"Administración, Contabilidad y Finanzas"
6a6d40955dcc9f9766bd68d0,None,Asistente / Practicante de contabilidad,Data & Analytics,presencial,2026-08-31,OPEN,2026-08-01 00:40:53.532,Perú,Arequipa,INTERNSHIP,NOT_STARTED,True,PROSERING,Otros
6a6d40a75dcc9f9766bd68f7,None,practicante de contabilidad,Contabilidad,presencial,2026-08-31,OPEN,2026-08-01 00:41:11.318,Perú,Arequipa,INTERNSHIP,NOT_STARTED,True,CORPORACION SERCOFI S.A.C.,"Administración, Contabilidad y Finanzas"
6a6d40b85dcc9f9766bd691e,None,practicante de contabilidad,Data & Analytics,remoto,2026-08-31,OPEN,2026-08-01 00:41:28.945,Perú,Arequipa,INTERNSHIP,NOT_STARTED,True,EMPRESAS MALAGA EMPRESA INDIVIDUAL DE RESPONSABILIDAD LIMITADA,Otros
6a6d40ca5dcc9f9766bd6943,None,Practicante de contabilidad,Contabilidad,presencial,2026-08-31,OPEN,2026-08-01 00:41:46.477,Perú,Arequipa,PRACTICE,NOT_STARTED,True,PETROLCENTER,"Administración, Contabilidad y Finanzas"
6a6d40dc5dcc9f9766bd6969,None,Docente de Ingeniería de Sistemas,Ingeniería de Sistemas,presencial,2026-08-31,OPEN,2026-08-01 00:42:04.763,Perú,Lima,,NOT_STARTED,True,Universidad Privada del Norte S.A.C.,"Tecnología, Sistemas y Telecomunicaciones"
6a6d40dd5dcc9f9766bd6972,None,"Trainee de Consultoría, Auditoría y Gestión Empresarial",Consultoría y Auditoría,híbrido,2026-08-14,OPEN,2026-08-01 00:42:05.364,Perú,Arequipa,INTERNSHIP,NOT_STARTED,True,WS Business Service Group S.A.C.,"Administración, Contabilidad y Finanzas"
6a6d41385dcc9f9766bd69a1,None,practicante contable,Data & Analytics,presencial,2026-08-31,OPEN,2026-08-01 00:43:36.904,Perú,Arequipa,INTERNSHIP,NOT_STARTED,True,practicante contable - área de Costos ALPANDINA S.A.C.,Otros
6a6d414b5dcc9f9766bd69b3,None,Practicante Pre profesional de Finanzas,Data & Analytics,presencial,2026-08-31,OPEN,2026-08-01 00:43:55.687,Perú,Lima,INTERNSHIP,NOT_STARTED,True,Natura,Otros
6a6d415e5dcc9f9766bd69c5,None,Practicante de Planeamiento Financiero,Data & Analytics,híbrido,2026-08-31,OPEN,2026-08-01 00:44:14.957,Perú,Lima,INTERNSHIP,NOT_STARTED,True,Grupo Centenario,Otros
6a6d41865dcc9f9766bd69ec,None,Practicante Profesional de Administración y Finanzas,Data & Analytics,presencial,2026-08-31,OPEN,2026-08-01 00:44:54.269,Perú,Lima,INTERNSHIP,NOT_STARTED,True,Egresado Ingeniería Industrial,Otros
6a6d41b15dcc9f9766bd69fe,None,Asistente de Operaciones y Procesos,Data & Analytics,híbrido,2026-08-31,OPEN,2026-08-01 00:45:37.195,Perú,Lima,INTERNSHIP,NOT_STARTED,True,Importante Empresa en el sector,Otros
6a6d41b65dcc9f9766bd6a15,None,"Practicantes Profesionales de Ingeniería Especialidad Eléctricas, Sanitarias, Mecánicas, CCDD",Ingeniería y Proyectos,presencial,2026-08-31,OPEN,2026-08-01 00:45:42.116,Perú,Lima,,NOT_STARTED,True,Diar Ingenieros S.A.,Otros
6a6d42715dcc9f9766bd6a70,None,Asistente de Ingeniería,Ingeniería Eléctrica,presencial,2026-08-31,OPEN,2026-08-01 00:48:49.642,Perú,Lima,,NOT_STARTED,True,Tecnica Ingenieros SRL,Otros
6a6d42bd5dcc9f9766bd6aaa,None,Junior Financial Analyst,Data & Analytics,presencial,2026-08-31,OPEN,2026-08-01 00:50:05.634,Perú,Lima,INTERNSHIP,NOT_STARTED,True,TRANZACT,Otros
6a6d42cf5dcc9f9766bd6ac2,None,Asistente de Finanzas,Data & Analytics,presencial,2026-08-31,OPEN,2026-08-01 00:50:23.492,Perú,Lima,INTERNSHIP,NOT_STARTED,True,Cabify,Otros
6a6d43125dcc9f9766bd6af9,None,Docente de Ingeniería Industrial,Docencia Universitaria,presencial,2026-08-31,OPEN,2026-08-01 00:51:30.194,Perú,Lima,,NOT_STARTED,True,Universidad Privada del Norte S.A.C.,Otros
6a6d44395dcc9f9766bd6b71,None,Asistente de Ingeniería AutoCAD,Ingeniería Electrónica,presencial,2026-08-31,OPEN,2026-08-01 00:56:25.405,Perú,Lima,,NOT_STARTED,True,Securitech Group,Otros
6a6d44d35dcc9f9766bd6b83,None,Asistente de Ingeniería Logística,Logística y Supply Chain,presencial,2026-08-31,OPEN,2026-08-01 00:58:59.876,Perú,Lima,,NOT_STARTED,True,Grupo Intercorp,"Logística, Abastecimiento y Transporte"
6a6d44f55dcc9f9766bd6b95,None,Practicante Pre profesional de Finanzas,Finanzas,presencial,2026-08-31,OPEN,2026-08-01 00:59:33.976,Perú,Lima,PRACTICE,NOT_STARTED,True,Natura,"Administración, Contabilidad y Finanzas"
6a6d45555dcc9f9766bd6bb1,None,Asistente de Laboratorio de Ingeniería Química,Laboratorio de Ingeniería Química,presencial,2026-08-31,OPEN,2026-08-01 01:01:09.782,Perú,Lima,,NOT_STARTED,True,Universidad Tecnológica del Perú,Otros
6a6d45d75dcc9f9766bd6bc5,None,Practicante de Administración o Ingeniería Industrial,Recursos Humanos y Administración,presencial,2026-08-31,OPEN,2026-08-01 01:03:19.519,Perú,Lima,,NOT_STARTED,True,Dimarza SAC,"Administración, Contabilidad y Finanzas"
6a6d46475dcc9f9766bd6bd7,None,Practicante Profesional de Procesos y Mejora Continua,Procesos y Mejora Continua,presencial,2026-08-30,OPEN,2026-08-01 01:05:11.376,Perú,Lima,,NOT_STARTED,True,Visiva,Otros
6a6d46fa5dcc9f9766bd6bea,None,Practicante de Planeamiento Financiero,Finanzas,presencial,2026-08-31,OPEN,2026-08-01 01:08:10.189,Perú,Lima,PRACTICE,NOT_STARTED,True,Gilat Perú,"Administración, Contabilidad y Finanzas"
6a6d474c5dcc9f9766bd6bfc,None,Egresado de Ingeniería Industrial para convenio de prácticas profesionales,Logística y Operaciones,presencial,2026-08-30,OPEN,2026-08-01 01:09:32.342,Perú,Lima,,NOT_STARTED,True,Importante Empresa en el sector,"Logística, Abastecimiento y Transporte"
6a6d480c5dcc9f9766bd6c0e,None,Asistente de Ingeniería Civil Estructural,Ingeniería Civil,presencial,2026-08-31,OPEN,2026-08-01 01:12:44.538,Perú,Lima,,NOT_STARTED,True,Importante Empresa en el sector,Construcción e Ingeniería Civil
6a6d48945dcc9f9766bd6c26,None,Coordinador(a) Académico de Ingeniería Civil y Arquitectura,Educación,remoto,2026-08-30,OPEN,2026-08-01 01:15:00.620,Perú,Lima,,NOT_STARTED,True,Universidad Tecnológica del Perú,Otros
6a6d49025dcc9f9766bd6c53,None,Auxiliar Ambiental de la Carrera de Ingeniería Ambiental y/o técnico,Gestión Ambiental,presencial,2026-08-31,OPEN,2026-08-01 01:16:50.370,Perú,Lima,,NOT_STARTED,True,Importante Empresa en el sector,Otros
6a6d49c55dcc9f9766bd6c7a,None,"Analista de Ingeniería, Diseño, Costos y Presupuestos HVAC",Ingeniería de Costos,presencial,2026-08-30,OPEN,2026-08-01 01:20:05.944,Perú,Lima,,NOT_STARTED,True,HZA Clima & Energía.,Otros
6a6d4a315dcc9f9766bd6c9b,None,Analista de Ingeniería textil,Ingeniería Industrial,presencial,2026-08-30,OPEN,2026-08-01 01:21:53.901,Perú,Lima,,NOT_STARTED,True,PRECOTEX S.A.C.,"Producción, Manufactura y Operaciones"
6a6d4cb25dcc9f9766bd6ccc,None,Practicante de contabilidad,Contabilidad,híbrido,2026-08-31,OPEN,2026-08-01 01:32:34.967,Perú,Arequipa,PRACTICE,NOT_STARTED,True,CONSULTORIA & ASESORIA EMPRESARIAL EMPRESAS MALAGA EMPRESA INDIVIDUAL DE RESPONSABILIDAD LIMITADA,"Administración, Contabilidad y Finanzas"
6a6d51d65dcc9f9766bd6d71,None,Practicante de logística,Logística,presencial,2026-08-31,OPEN,2026-08-01 01:54:30.461,Perú,Arequipa,,NOT_STARTED,True,SERVOSA,"Logística, Abastecimiento y Transporte"
6a6d55255dcc9f9766bd6d8d,None,Practicante Control de Combustible,Control de Combustible,presencial,2026-08-31,OPEN,2026-08-01 02:08:37.039,Perú,Arequipa,,NOT_STARTED,True,SERVOSA,Otros
6a6d565b5dcc9f9766bd6db1,None,Asistente auditoria interna,Contabilidad,presencial,2026-08-31,OPEN,2026-08-01 02:13:47.388,Perú,Arequipa,,NOT_STARTED,True,Inti Raymi S.A.,"Administración, Contabilidad y Finanzas"
6a6d576e5dcc9f9766bd6dc9,None,Practicante Profesional (Registro de información),Logística,presencial,2026-08-31,OPEN,2026-08-01 02:18:22.733,Perú,Arequipa,,NOT_STARTED,True,Importante Empresa en el sector,"Logística, Abastecimiento y Transporte"
6a6d593d5dcc9f9766bd6df8,None,Practicante contable - área de Costos,Contabilidad,presencial,2026-08-14,OPEN,2026-08-01 02:26:05.706,Perú,Arequipa,PRACTICE,NOT_STARTED,True,ALPANDINA S.A.C.,"Administración, Contabilidad y Finanzas"
6a6d5c9a5dcc9f9766bd6e77,None,Practicante Profesional de Contabilidad,Contabilidad,presencial,2026-08-31,OPEN,2026-08-01 02:40:26.024,Perú,Lima,,NOT_STARTED,True,EULEN del Perú,"Administración, Contabilidad y Finanzas"
6a6d5d955dcc9f9766bd6e8e,None,Practicante de Tesorería,Tesorería,presencial,2026-08-31,OPEN,2026-08-01 02:44:37.373,Perú,Lima,PRACTICE,NOT_STARTED,True,Dacia Trading S.A.C.,"Administración, Contabilidad y Finanzas"
6a6d5fca5dcc9f9766bd6ea3,None,Practicante preprofesional del área de contabilidad,Contabilidad,presencial,2026-08-31,OPEN,2026-08-01 02:54:02.840,Perú,Lima,PRACTICE,NOT_STARTED,True,Corporación Educativa Cruz Saco SAC,"Administración, Contabilidad y Finanzas"
6a6d60e55dcc9f9766bd6eba,None,Practicante Pro de Contabilidad,Contabilidad,presencial,2026-08-31,OPEN,2026-08-01 02:58:45.857,Perú,Lima,PRACTICE,NOT_STARTED,True,Laboratorios Biomont,"Administración, Contabilidad y Finanzas"
6a6d61d45dcc9f9766bd6ed1,None,Practicante Profesional de Contabilidad,Contabilidad,presencial,2026-08-31,OPEN,2026-08-01 03:02:44.371,Perú,Lima,PRACTICE,NOT_STARTED,True,Unión de Concreteras S.A.,"Administración, Contabilidad y Finanzas"
6a6d67c25dcc9f9766bd6f5e,None,Practicante de contabilidad,Contabilidad,presencial,2026-08-31,OPEN,2026-08-01 03:28:02.388,Perú,Lima,PRACTICE,NOT_STARTED,True,Administracion Inmobiliaria SAC,"Administración, Contabilidad y Finanzas"
6a6d68995dcc9f9766bd6f75,None,Practicante Profesional de Contabilidad,Contabilidad,híbrido,2026-08-31,OPEN,2026-08-01 03:31:37.220,Perú,Lima,PRACTICE,NOT_STARTED,True,AENZA,"Administración, Contabilidad y Finanzas"
6a6d6a005dcc9f9766bd6fad,None,Practicante Profesional de Contabilidad,Contabilidad,presencial,2026-08-31,OPEN,2026-08-01 03:37:36.086,Perú,Lima,,NOT_STARTED,True,Adecco Perú S.A.,"Administración, Contabilidad y Finanzas"
6a6d6b195dcc9f9766bd6fde,None,Practicante de contabilidad,Contabilidad,presencial,2026-08-31,OPEN,2026-08-01 03:42:17.460,Perú,Lima,PRACTICE,NOT_STARTED,True,CLINICA RICARDO PALMA SA,"Administración, Contabilidad y Finanzas"
6a6d6c2b5dcc9f9766bd6ff2,None,Practicante de contabilidad,Contabilidad,presencial,2026-08-31,OPEN,2026-08-01 03:46:51.498,Perú,Lima,,NOT_STARTED,True,IEC & TECNOLOGIA SAC,"Administración, Contabilidad y Finanzas"
6a6d6d2c5dcc9f9766bd7008,None,Practicante Egresado de Contabilidad,Contabilidad,presencial,2026-08-31,OPEN,2026-08-01 03:51:08.526,Perú,Lima,PRACTICE,NOT_STARTED,True,Germsa,"Administración, Contabilidad y Finanzas"
6a6d6e915dcc9f9766bd701f,None,Practicante Profesional de Contabilidad,Contabilidad,híbrido,2026-08-31,OPEN,2026-08-01 03:57:05.168,Perú,Lima,,NOT_STARTED,True,APPLUS NORCONTROL PERU S.A.C.,"Administración, Contabilidad y Finanzas"
6a6d708f5dcc9f9766bd7033,None,Practicante Profesional de Contabilidad,Contabilidad,presencial,2026-08-31,OPEN,2026-08-01 04:05:35.226,Perú,Lima,PRACTICE,NOT_STARTED,True,Panaderia San Jorge S.A,"Administración, Contabilidad y Finanzas"
6a6d71315dcc9f9766bd7047,None,Practicante de Contabilidad,Contabilidad,presencial,2026-08-31,OPEN,2026-08-01 04:08:17.432,Perú,Lima,,NOT_STARTED,True,Farmagro S.A.,"Administración, Contabilidad y Finanzas"
6a6d71ed5dcc9f9766bd705c,None,Practicante Profesional de Contabilidad,Contabilidad,presencial,2026-08-31,OPEN,2026-08-01 04:11:25.143,Perú,Lima,PRACTICE,NOT_STARTED,True,Baires SAC,"Administración, Contabilidad y Finanzas"
6a6d72df5dcc9f9766bd7072,None,Practicante Pre Profesional de Tesoreria y Cartera,Contabilidad,presencial,2026-08-31,OPEN,2026-08-01 04:15:27.441,Perú,Lima,PRACTICE,NOT_STARTED,True,Indurama SAC,"Administración, Contabilidad y Finanzas"
6a6d81275dcc9f9766bd71e0,None,Practicante Proprofesional de TI,TI,presencial,2026-08-31,OPEN,2026-08-01 05:16:23.898,Perú,Lima,,NOT_STARTED,True,Importante Empresa en el sector,Otros
6a6d83485dcc9f9766bd720e,None,Practicante de Presupuestos (Ing. Mecánico),Ingeniería Mecánica,presencial,2026-08-31,OPEN,2026-08-01 05:25:28.233,Perú,Lima,,NOT_STARTED,True,APUCORP,Otros
6a6d847f5dcc9f9766bd7221,None,"Practicante de Ingenieria Industrial - Ordenamiento, Inventarios y Mapeo de Procesos",Logística y Gestión de Procesos,presencial,2026-08-31,OPEN,2026-08-01 05:30:39.943,Perú,Lima,,NOT_STARTED,True,QUIMERA SAC,"Logística, Abastecimiento y Transporte"
6a6d87195dcc9f9766bd7239,None,Practicante Profesional de Ssoma en Callao,SSOMA,presencial,2026-08-31,OPEN,2026-08-01 05:41:45.049,Perú,Lima,,NOT_STARTED,True,Importante Empresa en el sector,Otros
6a6d89f15dcc9f9766bd7264,None,Practicante Pre Profesional de Ciberseguridad y Automatización,Ciberseguridad y Gestión de Accesos,híbrido,2026-08-31,OPEN,2026-08-01 05:53:53.125,Perú,Lima,,NOT_STARTED,True,ManpowerGroup,Otros
6a6d8b415dcc9f9766bd727a,None,Practicante Profesional de QA Funcional,Aseguramiento de la Calidad de Software,presencial,2026-08-31,OPEN,2026-08-01 05:59:29.958,Perú,Lima,,NOT_STARTED,True,ACADEMIA VONEX,"Tecnología, Sistemas y Telecomunicaciones"
6a6d8cdd5dcc9f9766bd7292,None,Practicante Pre Profesional de Compras,Compras y Abastecimiento,presencial,2026-08-31,OPEN,2026-08-01 06:06:21.830,Perú,Lima,,NOT_STARTED,True,UNIMAQ S.A.,"Logística, Abastecimiento y Transporte"
6a6e22ece22ef0e1715a0eb8,None,Practicante de mantenimiento,Data & Analytics,presencial,2026-08-31,OPEN,2026-08-01 16:46:36.214,Perú,Callao,PRACTICE,NOT_STARTED,True,Oferta,Otros
6a6e266be22ef0e1715a0ede,None,Practicante de mantenimiento,Data & Analytics,presencial,2026-08-31,OPEN,2026-08-01 17:01:31.846,Perú,Callao,PRACTICE,NOT_STARTED,True,Texfina S.A.,Otros
6a6ec51653d84a495ddaa147,None,Asesor(a) de tesis — Modalidad freelance Ingeniería,Data & Analytics,remoto,2026-09-01,OPEN,2026-08-02 04:18:31.014,Perú,Callao,,NOT_STARTED,True,Grupo Ollarves,Otros
6a6ecaf653d84a495ddaa180,None,Practicante de contabilidad,Finanzas,híbrido,2026-09-01,OPEN,2026-08-02 04:43:34.812,Perú,Lima,INTERNSHIP,NOT_STARTED,True,Cementos Pacasmayo SAA,"Administración, Contabilidad y Finanzas"
6a6ecbe753d84a495ddaa192,None,Intern Tax (Practicante Impuestos),Administración,presencial,2026-09-01,OPEN,2026-08-02 04:47:35.666,Perú,Lima,INTERNSHIP,NOT_STARTED,True,LG Electronics Perú,"Administración, Contabilidad y Finanzas"
6a6ecd0453d84a495ddaa1a4,None,Accounting Trainee,Contabilidad,presencial,2026-09-15,OPEN,2026-08-02 04:52:20.420,Perú,Lima,INTERNSHIP,NOT_STARTED,True,Ayvens,"Administración, Contabilidad y Finanzas"
6a6ed09053d84a495ddaa1b6,None,Asistente Administrativo de Operaciones,Administrativo de Operaciones,presencial,2026-09-01,OPEN,2026-08-02 05:07:28.862,Perú,Lima,JUNIOR,NOT_STARTED,True,Shalom,"Producción, Manufactura y Operaciones"
6a6ed24653d84a495ddaa1cb,None,Practicante Soporte Comercial / Rubro Energía / Lima,Comercial,presencial,2026-09-01,OPEN,2026-08-02 05:14:46.806,Perú,Lima,INTERNSHIP,NOT_STARTED,True,ManpowerGroup,"Comercial, Ventas y Desarrollo de Negocios"
6a6ed3ab53d84a495ddaa1e0,None,Practicante de Agronomía Comercial / (Drones Agrícolas) - Sin Experiencia,Agronomía Comercial,presencial,2026-09-01,OPEN,2026-08-02 05:20:43.162,Perú,Lima,INTERNSHIP,NOT_STARTED,True,QUE TAL COMPRA DEL PERU S.A.C.,"Comercial, Ventas y Desarrollo de Negocios"
6a6f6efcfd0692b0fa07717a,None,Practicante de Inteligencia Comercial,Inteligencia Comercial,híbrido,2026-09-01,OPEN,2026-08-02 16:23:24.527,Perú,Lima,PRACTICE,NOT_STARTED,True,Grupo Pacasmayo,"Comercial, Ventas y Desarrollo de Negocios"
6a6f7008fd0692b0fa07718f,None,Practicante Profesional de Planeamiento Comercial,Planeamiento Comercial,presencial,2026-08-31,OPEN,2026-08-02 16:27:52.437,Perú,Lima,PRACTICE,NOT_STARTED,True,SOKSO,"Comercial, Ventas y Desarrollo de Negocios"
6a6f70ccfd0692b0fa0771a1,None,Practicante Comercial,Comercial,presencial,2026-08-31,OPEN,2026-08-02 16:31:08.101,Perú,Lima,INTERNSHIP,NOT_STARTED,True,MAQUIAMAZONAS S.A.C.,"Comercial, Ventas y Desarrollo de Negocios"
6a6f7256fd0692b0fa0771c1,None,Practicante profesional Comercial,Comercial,presencial,2026-09-01,OPEN,2026-08-02 16:37:42.636,Perú,Lima,PRACTICE,NOT_STARTED,True,Recreativos Fargo S.A.C,"Comercial, Ventas y Desarrollo de Negocios"
6a6f735afd0692b0fa0771d3,None,Practicante Comercial,Comercial,presencial,2026-08-31,OPEN,2026-08-02 16:42:02.237,Perú,Lima,INTERNSHIP,NOT_STARTED,True,DESTILERÍA LA CARAVEDO SRL,"Comercial, Ventas y Desarrollo de Negocios"
6a6f7b37fd0692b0fa077225,None,Practicante Profesional de Gestión Comercial,Comercial,presencial,2026-09-01,OPEN,2026-08-02 17:15:35.717,Perú,Lima,PRACTICE,NOT_STARTED,True,CONSORCIO INDUSTRIAL DE AREQUIPA SA,"Comercial, Ventas y Desarrollo de Negocios"
6a6f7c79fd0692b0fa07723a,None,Practicante Profesional Comercial,Comercial,híbrido,2026-08-31,OPEN,2026-08-02 17:20:57.997,Perú,Lima,PRACTICE,NOT_STARTED,True,Touch Lima S.A.C.,"Comercial, Ventas y Desarrollo de Negocios"
6a6f7d82fd0692b0fa07724c,None,Practicante Comercial,Comercial,presencial,2026-09-01,OPEN,2026-08-02 17:25:22.662,Perú,Lima,INTERNSHIP,NOT_STARTED,True,Importante Empresa en el sector,"Comercial, Ventas y Desarrollo de Negocios"
6a6f7e06fd0692b0fa07725e,None,Practicante de Operaciones y Comercial,Comercial,híbrido,2026-08-31,OPEN,2026-08-02 17:27:34.067,Perú,Lima,PRACTICE,NOT_STARTED,True,Importante Empresa en el sector,"Comercial, Ventas y Desarrollo de Negocios"
6a6f84c1fd0692b0fa077273,None,Practicante comercial,Comercial,presencial,2026-08-31,OPEN,2026-08-02 17:56:17.226,Perú,Lima,PRACTICE,NOT_STARTED,True,HCP,"Comercial, Ventas y Desarrollo de Negocios"
6a6f85f0fd0692b0fa077288,None,Practicante Comercial,Comercial,presencial,2026-08-31,OPEN,2026-08-02 18:01:20.535,Perú,Lima,PRACTICE,NOT_STARTED,True,Grupo Gloria,"Comercial, Ventas y Desarrollo de Negocios"
6a6f8873fd0692b0fa07729d,None,Practicante Profesional Comercial,Comercial,presencial,2026-08-31,OPEN,2026-08-02 18:12:03.601,Perú,Lima,PRACTICE,NOT_STARTED,True,Ransa Comercial S.A.C.,"Comercial, Ventas y Desarrollo de Negocios"
6a6f8a29fd0692b0fa0772b2,None,Practicante Comercial / Operador Logístico,Comercial,remoto,2026-08-31,OPEN,2026-08-02 18:19:21.121,Perú,Lima,PRACTICE,NOT_STARTED,True,GAVER HUMAN,"Comercial, Ventas y Desarrollo de Negocios"
6a6f8bcffd0692b0fa0772c7,None,Practicante de Administración Comercial,"Administración, Comercial",presencial,2026-08-31,OPEN,2026-08-02 18:26:23.305,Perú,Lima,PRACTICE,NOT_STARTED,True,Grupo Expro,"Administración, Contabilidad y Finanzas"
6a6f8d11fd0692b0fa0772df,None,Practicante Profesional Comercial Canal Moderno,Comercial,híbrido,2026-08-31,OPEN,2026-08-02 18:31:45.308,Perú,Lima,PRACTICE,NOT_STARTED,True,PURATOS PERU S.A.,"Comercial, Ventas y Desarrollo de Negocios"
6a6f8fecfd0692b0fa0772f1,None,Practicante Comercial,Comercial,presencial,2026-08-31,OPEN,2026-08-02 18:43:56.547,Perú,Lima,PRACTICE,NOT_STARTED,True,RECSA INTERNATIONAL TRADE E.I.R.L.,"Comercial, Ventas y Desarrollo de Negocios"
6a714aad5f84dc4f60a248ab,None,Practicante Profesional de Compras,"Administración, Finanzas y Contabilidad",presencial,2026-09-03,OPEN,2026-08-04 02:13:01.756,Perú,La Libertad,PRACTICE,NOT_STARTED,True,Camposol,"Administración, Contabilidad y Finanzas"
6a71685000e36aa192cf3d21,None,Practicante Administrativo de Taller Línea Amarilla,Operaciones,presencial,2026-09-03,OPEN,2026-08-04 04:19:28.536,Perú,La Libertad,,NOT_STARTED,True,Divemotor,"Producción, Manufactura y Operaciones"
6a7169a500e36aa192cf3d33,None,Asistente de Marketing Digital,Marketing,presencial,2026-09-03,OPEN,2026-08-04 04:25:09.605,Perú,La Libertad,,NOT_STARTED,True,LAS TIENDAS DEL SUPER AHORRO,"Marketing, Publicidad y Comunicación"
6a71708900e36aa192cf3d55,None,Supervisor de Restaurante,Administración,presencial,2026-09-03,OPEN,2026-08-04 04:54:33.970,Perú,La Libertad,,NOT_STARTED,True,El Rincón de Vallejo,"Administración, Contabilidad y Finanzas"
6a71f5f329d9c71b56c2e1ed,None,Coordinador de Operaciones Logisticas,Logística,presencial,2026-09-03,OPEN,2026-08-04 14:23:47.998,Perú,La Libertad,,NOT_STARTED,True,ANC Logistica integral Sac,"Logística, Abastecimiento y Transporte"
6a71f74f29d9c71b56c2e239,None,Practicante de producción,Producción,presencial,2026-09-03,OPEN,2026-08-04 14:29:35.798,Perú,La Libertad,,NOT_STARTED,True,Virugroup,"Producción, Manufactura y Operaciones"
6a71f81d29d9c71b56c2e24c,None,Practicante para Gestión Comercial,Comercial,presencial,2026-09-03,OPEN,2026-08-04 14:33:01.811,Perú,La Libertad,PRACTICE,NOT_STARTED,True,JARDINES DE LA PAZ,"Comercial, Ventas y Desarrollo de Negocios"
6a71f90529d9c71b56c2e25e,None,Practicante Profesional de Ingeniería Mecánica,Ingeniería Industrial y Operaciones,presencial,2026-09-03,OPEN,2026-08-04 14:36:53.206,Perú,La Libertad,,NOT_STARTED,True,X-TERNA E.I.R.L.,"Producción, Manufactura y Operaciones"
6a71f9d429d9c71b56c2e275,None,Practicante Profesional de Operaciones,Operaciones,presencial,2026-09-03,OPEN,2026-08-04 14:40:20.783,Perú,La Libertad,,NOT_STARTED,True,CROPS PROTECTION,"Producción, Manufactura y Operaciones"
6a71faba29d9c71b56c2e28b,None,Practicante de Marketing y Diseño,Marketing,presencial,2026-09-03,OPEN,2026-08-04 14:44:10.670,Perú,La Libertad,,NOT_STARTED,True,CM | Quality & Lab Consulting,"Marketing, Publicidad y Comunicación"
6a71fc4c29d9c71b56c2e2a1,None,Practicante Profesional de Asesoría Jurídica,Asesoría Jurídica,presencial,2026-09-03,OPEN,2026-08-04 14:50:52.324,Perú,La Libertad,PRACTICE,NOT_STARTED,True,Caja Trujillo,Otros
6a71ffa329d9c71b56c2e2b5,None,Coordinador/a de márketing,Marketing,presencial,2026-09-03,OPEN,2026-08-04 15:05:07.516,Perú,La Libertad,,NOT_STARTED,True,RICAR,"Marketing, Publicidad y Comunicación"
6a72021e29d9c71b56c2e2d5,None,Asistente de Marketing,Marketing,presencial,2026-09-03,OPEN,2026-08-04 15:15:42.744,Perú,La Libertad,,NOT_STARTED,True,IESTP LEONARDO DA VINCI,"Marketing, Publicidad y Comunicación"
6a72036a29d9c71b56c2e2ea,None,Asistente de Marketing,Marketing,presencial,2026-09-03,OPEN,2026-08-04 15:21:14.026,Perú,La Libertad,,NOT_STARTED,True,CV Covesa,"Marketing, Publicidad y Comunicación"
6a7204d629d9c71b56c2e300,None,Especialista Marketing digital,Marketing,presencial,2026-09-03,OPEN,2026-08-04 15:27:18.990,Perú,La Libertad,PRACTICE,NOT_STARTED,True,Excel Negocios,"Marketing, Publicidad y Comunicación"
6a7205f329d9c71b56c2e313,None,Asistente de Ventas y Marketing,Marketing,presencial,2026-08-28,OPEN,2026-08-04 15:32:03.668,Perú,La Libertad,,NOT_STARTED,True,Armeria Eagles,"Marketing, Publicidad y Comunicación"
6a7206cc29d9c71b56c2e331,None,"Practicante Profesional de Riesgos de Crédito, Mercado y Liquidez",Administración,híbrido,2026-09-03,OPEN,2026-08-04 15:35:40.668,Perú,La Libertad,,NOT_STARTED,True,Caja Trujillo,"Administración, Contabilidad y Finanzas"
6a72091929d9c71b56c2e360,None,Sub Directora Comercial de Servicios Digitales,Comercial,presencial,2026-09-03,OPEN,2026-08-04 15:45:29.989,Perú,La Libertad,,NOT_STARTED,True,Bitel,"Comercial, Ventas y Desarrollo de Negocios"
6a7209fc29d9c71b56c2e376,None,Asistente de Contabilidad y Finanzas,Contabilidad y Finanzas,presencial,2026-09-03,OPEN,2026-08-04 15:49:16.849,Perú,La Libertad,,NOT_STARTED,True,Bitel,"Administración, Contabilidad y Finanzas"
6a720add29d9c71b56c2e38d,None,Asistente Administración de Personal,Administración,presencial,2026-09-03,OPEN,2026-08-04 15:53:01.907,Perú,La Libertad,,NOT_STARTED,True,Danper Trujillo SAC,"Administración, Contabilidad y Finanzas"
6a720bbd29d9c71b56c2e3a3,None,Asistente de Servicio,Operaciones,presencial,2026-09-03,OPEN,2026-08-04 15:56:45.287,Perú,La Libertad,,NOT_STARTED,True,SOCIEDAD DE AUTOMOTORES INKA SAC,"Producción, Manufactura y Operaciones"
6a720c9429d9c71b56c2e3b6,None,Asistente Administrativa,Administración,presencial,2026-09-03,OPEN,2026-08-04 16:00:20.391,Perú,La Libertad,,NOT_STARTED,True,Importante Empresa en el sector,"Administración, Contabilidad y Finanzas"
6a720dda29d9c71b56c2e3d6,None,Asistente de Costos y Presupuestos,Administración,presencial,2026-09-03,OPEN,2026-08-04 16:05:46.698,Perú,La Libertad,,NOT_STARTED,True,Danper Trujillo SAC,"Administración, Contabilidad y Finanzas"
6a7211ed29d9c71b56c2e3ed,None,Practicante de Sistemas,Tecnología de la Información,presencial,2026-09-03,OPEN,2026-08-04 16:23:09.318,Perú,La Libertad,,NOT_STARTED,True,JM-P INGENIERIA,"Tecnología, Sistemas y Telecomunicaciones"
6a7212f529d9c71b56c2e403,None,Gestor Comercial,Comercial,presencial,2026-09-03,OPEN,2026-08-04 16:27:33.681,Perú,La Libertad,,NOT_STARTED,True,Adecco Perú S.A.,"Comercial, Ventas y Desarrollo de Negocios"
6a7213b229d9c71b56c2e416,None,Analista de procesos,Gestión de Procesos,presencial,2026-09-03,OPEN,2026-08-04 16:30:42.390,Perú,La Libertad,,NOT_STARTED,True,AQUANQA II S.A.C.,Otros
6a7214e529d9c71b56c2e428,None,auxiliar  Diseño y Marketing,Marketing,presencial,2026-09-03,OPEN,2026-08-04 16:35:49.743,Perú,La Libertad,,NOT_STARTED,True,Solagri Peru Sac,"Marketing, Publicidad y Comunicación"
6a72162529d9c71b56c2e440,None,Urgente Técnico de Mantenimiento Electromecánico,Mantenimiento Industrial,presencial,2026-09-03,OPEN,2026-08-04 16:41:09.814,Perú,La Libertad,,NOT_STARTED,True,Sodexo Perú S.A.C.,Mantenimiento y Reparaciones Técnicas
6a7217c429d9c71b56c2e458,None,Electricista Automotriz,Mantenimiento Industrial,presencial,2026-09-03,OPEN,2026-08-04 16:48:04.750,Perú,La Libertad,,NOT_STARTED,True,GRUPO TRANSPESA SAC,Mantenimiento y Reparaciones Técnicas
6a7218ba29d9c71b56c2e47d,None,Técnico de Mantenimiento de Riego Eléctrico,Mantenimiento Industrial,presencial,2026-09-03,OPEN,2026-08-04 16:52:10.861,Perú,La Libertad,,NOT_STARTED,True,Camposol,Mantenimiento y Reparaciones Técnicas
6a721ad829d9c71b56c2e4a9,None,Ejecutivo(a) de Venta Empresa Promart Trujillo,Comercial,presencial,2026-09-03,OPEN,2026-08-04 17:01:12.918,Perú,La Libertad,,NOT_STARTED,True,Grupo Intercorp,"Comercial, Ventas y Desarrollo de Negocios"
6a721bb229d9c71b56c2e4c1,None,Cajera(o) por Suplencia,Administración,presencial,2026-09-03,OPEN,2026-08-04 17:04:50.348,Perú,La Libertad,,NOT_STARTED,True,Grupo Pakatnamu,"Administración, Contabilidad y Finanzas"
6a721dc529d9c71b56c2e4de,None,Analista de rrhh,Recursos Humanos,presencial,2026-09-03,OPEN,2026-08-04 17:13:41.177,Perú,La Libertad,,NOT_STARTED,True,Polybags Perú,Recursos Humanos y Capacitación
6a7221aa29d9c71b56c2e50d,None,Asistente de recursos humanos,Recursos Humanos,presencial,2026-09-03,OPEN,2026-08-04 17:30:18.734,Perú,La Libertad,,NOT_STARTED,True,TRANSPORTES ANDESKAR,Recursos Humanos y Capacitación
6a72232129d9c71b56c2e520,None,Contador (a) para Clinica,Contabilidad,presencial,2026-09-03,OPEN,2026-08-04 17:36:33.323,Perú,La Libertad,,NOT_STARTED,True,Clínica San Antonio,"Administración, Contabilidad y Finanzas"
6a736dc86f34f3d6d9819cab,None,Practicante Área Comercial,Comercial,presencial,2026-08-31,OPEN,2026-08-05 17:07:20.763,Perú,Lima,PRACTICE,NOT_STARTED,True,VALIC INMOBILIARIA & CONSTRUCTORA S.A.C.,"Comercial, Ventas y Desarrollo de Negocios"
6a736ecc6f34f3d6d9819cc0,None,Practicante administrativo/a comercial,Comercial,presencial,2026-08-31,OPEN,2026-08-05 17:11:40.529,Perú,Lima,PRACTICE,NOT_STARTED,True,DIMENSION 3.0,"Comercial, Ventas y Desarrollo de Negocios"
6a736f676f34f3d6d9819cd2,None,Practicante o Asesor Comercial Corportativo,Comercial,presencial,2026-08-31,OPEN,2026-08-05 17:14:15.865,Perú,Lima,PRACTICE,NOT_STARTED,True,PERULEAdS,"Comercial, Ventas y Desarrollo de Negocios"
6a73709d6f34f3d6d9819cef,None,Practicante Marketing / Surquillo,Marketing,híbrido,2026-08-31,OPEN,2026-08-05 17:19:25.461,Perú,Lima,PRACTICE,NOT_STARTED,True,Onsite Perú SAC,"Marketing, Publicidad y Comunicación"
6a7372996f34f3d6d9819d04,None,"Practicante de Oficina Técnica, San Isidro",Administración,presencial,2026-08-31,OPEN,2026-08-05 17:27:53.823,Perú,Lima,PRACTICE,NOT_STARTED,True,EULEN del Perú,"Administración, Contabilidad y Finanzas"
6a7374e06f34f3d6d9819d19,None,Practicante Profesional de Canal Moderno en Cercado de Lima,Comercial,presencial,2026-08-31,OPEN,2026-08-05 17:37:36.008,Perú,Lima,PRACTICE,NOT_STARTED,True,Molitalia,"Comercial, Ventas y Desarrollo de Negocios"
6a73762f6f34f3d6d9819d2e,None,Practicante Profesional – Postventa (Ingeniero),Ingeniería Mecánica,presencial,2026-08-31,OPEN,2026-08-05 17:43:11.676,Perú,Lima,PRACTICE,NOT_STARTED,True,MODASA,Otros
6a7376f66f34f3d6d9819d43,None,Practicante de Operaciones Digitales / E commerce,Operaciones Digitales,presencial,2026-08-31,OPEN,2026-08-05 17:46:30.481,Perú,Lima,PRACTICE,NOT_STARTED,True,CONSERH,"Producción, Manufactura y Operaciones"
6a7377df6f34f3d6d9819d55,None,Practicante de Maquinas y Herramientas - Sede Ate,Maquinas y Herramientas,presencial,2026-08-31,OPEN,2026-08-05 17:50:23.662,Perú,Lima,PRACTICE,NOT_STARTED,True,PEVISA,Otros
6a737a156f34f3d6d9819d6a,None,Practicante de diseño gráfico,Diseño Gráfico,presencial,2026-08-31,OPEN,2026-08-05 17:59:49.832,Perú,Lima,PRACTICE,NOT_STARTED,True,KIDS MADE HERE,Diseño y Artes Gráficas
6a738e636f34f3d6d9819d87,None,Practicante Profesional de Administración de Personal - La Victoria,Administración,presencial,2026-08-31,OPEN,2026-08-05 19:26:27.241,Perú,Lima,PRACTICE,NOT_STARTED,True,Importante Empresa en el sector,"Administración, Contabilidad y Finanzas"
6a738f976f34f3d6d9819d9c,None,Practicante de Ventas / Rubro Eléctrico,Ventas,presencial,2026-08-31,OPEN,2026-08-05 19:31:35.656,Perú,Lima,PRACTICE,NOT_STARTED,True,Promotores Eléctricos S.A.,"Comercial, Ventas y Desarrollo de Negocios"
6a7390546f34f3d6d9819dae,None,Practicante Profesional de Desarrollo de negocios,Negocios,presencial,2026-08-31,OPEN,2026-08-05 19:34:44.253,Perú,Lima,INTERNSHIP,NOT_STARTED,True,APUCORP,"Comercial, Ventas y Desarrollo de Negocios"
6a7391266f34f3d6d9819dd5,None,Practicante profesional de seguridad y salud en el trabajo,"Seguridad, Salud",presencial,2026-08-31,OPEN,2026-08-05 19:38:14.802,Perú,Lima,PRACTICE,NOT_STARTED,True,Importante Empresa en el sector,"Salud, Medicina y Farmacia"
6a7391da6f34f3d6d9819de7,None,Practicante profesional de recursos humanos,Recursos Humanos,presencial,2026-08-31,OPEN,2026-08-05 19:41:14.135,Perú,Lima,PRACTICE,NOT_STARTED,True,Importante Empresa en el sector,Recursos Humanos y Capacitación
6a73925b6f34f3d6d9819dfc,None,Practicante Profesional de Comercio Exterior,Comercio Exterior,híbrido,2026-09-04,OPEN,2026-08-05 19:43:23.361,Perú,Lima,PRACTICE,NOT_STARTED,True,Agronegocios La Grama,Aduanas y Comercio Exterior
6a73b1c030a3d81bdafd3c68,None,Practicante Profesional Administrativo (Servicios Lurín),Administración,presencial,2026-08-31,OPEN,2026-08-05 21:57:20.043,Perú,Lima,PRACTICE,NOT_STARTED,True,UNIMAQ S.A.,"Administración, Contabilidad y Finanzas"
6a73b23c30a3d81bdafd3c7a,None,Practicante de Comercio Exterior,Comercio Exterior,presencial,2026-08-31,OPEN,2026-08-05 21:59:24.491,Perú,Lima,PRACTICE,NOT_STARTED,True,Farmagro S.A.,Aduanas y Comercio Exterior
6a73b37c30a3d81bdafd3ca4,None,Practicante de Análisis de Datos,Análisis de Datos,presencial,2026-08-31,OPEN,2026-08-05 22:04:44.946,Perú,Lima,PRACTICE,NOT_STARTED,True,OTTO GRILL,Otros
6a73b4e230a3d81bdafd3cce,None,Practicante Profesional de Control de Gestión Finanzas,Gestión Finanzas,híbrido,2026-09-04,OPEN,2026-08-05 22:10:42.396,Perú,Lima,PRACTICE,NOT_STARTED,True,Financiera Confianza,"Administración, Contabilidad y Finanzas"
6a73b5c930a3d81bdafd3ce3,None,Practicante de ingeniería civil,Ingeniería Civil,presencial,2026-08-31,OPEN,2026-08-05 22:14:33.239,Perú,Lima,PRACTICE,NOT_STARTED,True,Chancadora Excalibur S.A.C.,Construcción e Ingeniería Civil
6a73b6ac30a3d81bdafd3cf5,None,"Asistente, Auxiliar o Practicante Legal",Abogados,presencial,2026-09-04,OPEN,2026-08-05 22:18:20.343,Perú,Lima,PRACTICE,NOT_STARTED,True,Importante Empresa en el sector,Otros
6a73b76030a3d81bdafd3d0a,None,Practicante egresado de Hvac,Electricidad,presencial,2026-08-31,OPEN,2026-08-05 22:21:20.245,Perú,Lima,PRACTICE,NOT_STARTED,True,Refriservis SAC,Otros
6a74ce1f8c7f0c0e4084d09f,None,Practicante Profesional de Marketing,Marketing,presencial,2026-09-05,OPEN,2026-08-06 18:10:39.941,Perú,Lima,INTERNSHIP,NOT_STARTED,True,Skechers,"Marketing, Publicidad y Comunicación"
6a74ce688c7f0c0e4084d0b1,None,Practicante Marketing,Marketing,presencial,2026-09-05,OPEN,2026-08-06 18:11:52.066,Perú,Lima,INTERNSHIP,NOT_STARTED,True,Arbex,"Marketing, Publicidad y Comunicación"
6a7506087d5b963d972132e8,None,Practicante de Ecommerce,Marketing,presencial,2026-09-05,OPEN,2026-08-06 22:09:12.241,Perú,Lima,INTERNSHIP,NOT_STARTED,True,Aghaso,"Marketing, Publicidad y Comunicación"
6a7507a57d5b963d972132fa,None,Business Development Intern,Marketing,híbrido,2026-09-05,OPEN,2026-08-06 22:16:05.952,Perú,Lima,INTERNSHIP,NOT_STARTED,True,Shop And Favor,"Marketing, Publicidad y Comunicación"
6a7507fd7d5b963d9721330c,None,"Consultant, MBA Internship, Peru 2027",Administración,presencial,2026-09-05,OPEN,2026-08-06 22:17:33.704,Perú,Lima,INTERNSHIP,NOT_STARTED,True,Boston Consulting Group (BCG),"Administración, Contabilidad y Finanzas"
6a750a077d5b963d97213323,None,Practicante Pre Profesional de Atracción de Talento,Psicología y Administración,presencial,2026-09-05,OPEN,2026-08-06 22:26:15.250,Perú,Lima,INTERNSHIP,NOT_STARTED,True,BanBif,"Administración, Contabilidad y Finanzas"
6a750adf7d5b963d9721333f,None,Practicante de Mejora Continua y Calidad,Administración,presencial,2026-09-05,OPEN,2026-08-06 22:29:51.902,Perú,Lima,INTERNSHIP,NOT_STARTED,True,Grupo Falabella,"Administración, Contabilidad y Finanzas"
6a75d2d12b9f20afe561ce20,None,Creador de Contenido Audiovisual y Marketing para redes sociales,Marketing,presencial,2026-09-06,OPEN,2026-08-07 12:42:57.282,Perú,Lima,INTERNSHIP,NOT_STARTED,True,Masiva Home,"Marketing, Publicidad y Comunicación"
6a75d3c42b9f20afe561ce32,None,Practicante de Operaciones Comerciales y e-commerce,Marketing,presencial,2026-09-06,OPEN,2026-08-07 12:47:00.160,Perú,Lima,INTERNSHIP,NOT_STARTED,True,Bioandean Perú,"Marketing, Publicidad y Comunicación"
6a75d4762b9f20afe561ce44,None,Práctica Pre Marketing - Content,Marketing,presencial,2026-09-06,OPEN,2026-08-07 12:49:58.368,Perú,Lima,INTERNSHIP,NOT_STARTED,True,Buk,"Marketing, Publicidad y Comunicación"
6a79bb962c1fefef1a35f755,nan,Practicante Comercial - Freight Forwarder,"Comercial, Ventas y Desarrollo de Negocios",presencial,2026-09-09,OPEN,2026-08-10 11:52:54.829,Perú,Lima,PRACTICE,NOT_STARTED,True,ROCKET LOGISTICS - PERU,"Comercial, Ventas y Desarrollo de Negocios"
6a79bc1c2c1fefef1a35f784,nan,"Practicante Profesional de Cultura, Comunicación Interna y Experiencia al Colaborador","Comercial, Ventas y Desarrollo de Negocios",presencial,2026-09-09,OPEN,2026-08-10 11:55:08.239,Perú,Lima,PRACTICE,NOT_STARTED,True,Industrias San Miguel,"Comercial, Ventas y Desarrollo de Negocios"
6a79bcc02c1fefef1a35f7b0,nan,Practicante Preprofesional de Estrategia Comercial,"Comercial, Ventas y Desarrollo de Negocios",presencial,2026-09-09,OPEN,2026-08-10 11:57:52.331,Perú,Lima,PRACTICE,NOT_STARTED,True,Siemens,"Comercial, Ventas y Desarrollo de Negocios"
6a79bd782c1fefef1a35f7ca,nan,Practicante Operaciones Reporting / Reclamos,"Tecnología, Sistemas y Telecomunicaciones",presencial,2026-09-09,OPEN,2026-08-10 12:00:56.608,Perú,Lima,PRACTICE,NOT_STARTED,True,Santander Perú,"Marketing, Publicidad y Comunicación"
6a79be0b2c1fefef1a35f7f1,nan,Practicante Profesional de Análisis de Datos,"Tecnología, Sistemas y Telecomunicaciones",presencial,2026-09-09,OPEN,2026-08-10 12:03:23.112,Perú,Lima,PRACTICE,NOT_STARTED,True,Softtek,"Marketing, Publicidad y Comunicación"
6a79bfae2c1fefef1a35f81d,nan,Practicante Pre Profesional de Data y Analytics,"Tecnología, Sistemas y Telecomunicaciones",presencial,2026-09-09,OPEN,2026-08-10 12:10:22.446,Perú,Lima,PRACTICE,NOT_STARTED,True,izipay,"Marketing, Publicidad y Comunicación"
6a7b12ccd828de02dbaf475e,nan,Practicante TI,"Tecnología, Sistemas y Telecomunicaciones",presencial,2026-09-10,OPEN,2026-08-11 12:17:16.745,Perú,Lima,PRACTICE,NOT_STARTED,True,BDO Perú,"Marketing, Publicidad y Comunicación"
6a7b1333d828de02dbaf4784,nan,PRACTICANTE COMERCIAL,"Comercial, Ventas y Desarrollo de Negocios",presencial,2026-09-10,OPEN,2026-08-11 12:18:59.410,Perú,Lima,PRACTICE,NOT_STARTED,True,PRIME ENTERPRISES,"Comercial, Ventas y Desarrollo de Negocios"
6a7b1383d828de02dbaf47aa,nan,PRACTICANTE COMERCIAL,"Comercial, Ventas y Desarrollo de Negocios",presencial,2026-09-10,OPEN,2026-08-11 12:20:19.749,Perú,Lima,PRACTICE,NOT_STARTED,True,SOL RESPLANDECIENTE S.A.C.,"Comercial, Ventas y Desarrollo de Negocios"
6a7b13dfd828de02dbaf47d0,nan,Practicante de Maestranza,Otras Ingenierías,presencial,2026-09-10,OPEN,2026-08-11 12:21:51.466,Perú,Lima,PRACTICE,NOT_STARTED,True,B.BRAUN MEDICAL PERÚ SA,Otros
6a7b141fd828de02dbaf47f6,nan,PRACTICANTE COMERCIAL,"Comercial, Ventas y Desarrollo de Negocios",presencial,2026-09-10,OPEN,2026-08-11 12:22:55.026,Perú,Lima,PRACTICE,NOT_STARTED,True,ELEVADORES SUDAMERICANOS S.A.C,"Comercial, Ventas y Desarrollo de Negocios"
6a7b1479d828de02dbaf4814,nan,Practicante de Contabilidad,"Administración, Contabilidad y Finanzas",presencial,2026-09-10,OPEN,2026-08-11 12:24:25.243,Perú,Lima,PRACTICE,NOT_STARTED,True,Repsol,"Administración, Contabilidad y Finanzas"
6a7b14d2d828de02dbaf483f,nan,Practicante de Cobranzas,"Administración, Contabilidad y Finanzas",presencial,2026-09-10,OPEN,2026-08-11 12:25:54.378,Perú,Lima,PRACTICE,NOT_STARTED,True,Clínica Ricardo Palma,"Administración, Contabilidad y Finanzas"
6a7b151ad828de02dbaf4865,nan,Practicante de Cobranzas,"Administración, Contabilidad y Finanzas",remoto,2026-09-10,OPEN,2026-08-11 12:27:06.826,Perú,Lima,PRACTICE,NOT_STARTED,True,La Positiva Seguros,"Administración, Contabilidad y Finanzas"
6a7b1560d828de02dbaf488d,nan,PRACTICANTE DE SELECCIÓN,Recursos Humanos y Capacitación,presencial,2026-09-10,OPEN,2026-08-11 12:28:16.004,Perú,Lima,PRACTICE,NOT_STARTED,True,CHINA CIVIL ENGINEERING,Recursos Humanos y Capacitación
6a7b15add828de02dbaf48b3,nan,Practicante de Compras,"Administración, Contabilidad y Finanzas",presencial,2026-09-10,OPEN,2026-08-11 12:29:33.442,Perú,Lima,PRACTICE,NOT_STARTED,True,COMPAÑIA NACIONAL DE CHOCOLATES DE PERU S.A.,"Administración, Contabilidad y Finanzas"
6a7d01f62032e1bad3c26ed3,6a7cfe782032e1bad3c26e2f,Asistente de Enseñanza y Fabricación Digital – PART TIME,Innovacion,híbrido,2026-08-23,OPEN,2026-08-12 23:29:58.433,Perú,Lima,PRACTICE,NOT_STARTED,False,,Otros
6a7db3b51cb0488277ca4c63,nan,Practicante contable,"Administración, Contabilidad y Finanzas",presencial,2026-09-12,OPEN,2026-08-13 12:08:21.916,Perú,Lima,PRACTICE,NOT_STARTED,True,RECLUTAMIENTO PERSONAL CORP,"Administración, Contabilidad y Finanzas"
6a7db40d1cb0488277ca4c93,nan,Practicante de Cultura,Recursos Humanos y Capacitación,presencial,2026-09-12,OPEN,2026-08-13 12:09:49.724,Perú,Lima,PRACTICE,NOT_STARTED,True,INVERSIONES NACIONALES DE TURISMO S.A.,Recursos Humanos y Capacitación
6a7db45e1cb0488277ca4cb9,nan,Practicante de RRHH,Recursos Humanos y Capacitación,presencial,2026-09-12,OPEN,2026-08-13 12:11:10.693,Perú,Lima,PRACTICE,NOT_STARTED,True,Rosa Aguirre-Selection Consulting,Recursos Humanos y Capacitación
6a7db4a01cb0488277ca4cdf,nan,PRACTICANTE SSOMA,Construcción e Ingeniería Civil,presencial,2026-09-12,OPEN,2026-08-13 12:12:16.210,Perú,Lima,PRACTICE,NOT_STARTED,True,CARBONELL FIGUERAS,Construcción e Ingeniería Civil
6a7db4f01cb0488277ca4d05,nan,Practicante de Derecho,Legal y Cumplimiento,presencial,2026-09-12,OPEN,2026-08-13 12:13:36.040,Perú,Lima,PRACTICE,NOT_STARTED,True,CARTAVIO RUM COMPANY S.A.C.,Legal y Cumplimiento
6a7db5511cb0488277ca4d2b,nan,Practicante Comercial,"Comercial, Ventas y Desarrollo de Negocios",presencial,2026-09-12,OPEN,2026-08-13 12:15:13.751,Perú,Lima,PRACTICE,NOT_STARTED,True,Eiulek Perú,"Comercial, Ventas y Desarrollo de Negocios"
6a7db58e1cb0488277ca4d51,nan,Practicante Contable,"Administración, Contabilidad y Finanzas",presencial,2026-09-12,OPEN,2026-08-13 12:16:14.021,Perú,Lima,PRACTICE,NOT_STARTED,True,SMC,"Administración, Contabilidad y Finanzas"
6a7db5cc1cb0488277ca4d77,nan,Practicante de Contabilidad,"Administración, Contabilidad y Finanzas",presencial,2026-09-12,OPEN,2026-08-13 12:17:16.735,Perú,Lima,PRACTICE,NOT_STARTED,True,Anddes Asociados S.A.C.,"Administración, Contabilidad y Finanzas"
6a7db6161cb0488277ca4d9d,nan,Practicante de Infraestructura | TI,"Comercial, Ventas y Desarrollo de Negocios",presencial,2026-09-12,OPEN,2026-08-13 12:18:30.821,Perú,Lima,PRACTICE,NOT_STARTED,True,Ransa Comercial S.A.C.,"Comercial, Ventas y Desarrollo de Negocios"
6a7db68f1cb0488277ca4dc3,nan,Practicante de Sostenibilidad,Otras Ingenierías,presencial,2026-09-12,OPEN,2026-08-13 12:20:31.628,Perú,Lima,PRACTICE,NOT_STARTED,True,LIMA EXPRESA,Otros
6a7db6e31cb0488277ca4deb,nan,Practicante de Calidad,"Logística, Abastecimiento y Transporte",presencial,2026-09-12,OPEN,2026-08-13 12:21:55.577,Perú,Lima,PRACTICE,NOT_STARTED,True,GRUPO FE,"Logística, Abastecimiento y Transporte"
6a7db7261cb0488277ca4e11,nan,Practicante de Contabilidad,"Administración, Contabilidad y Finanzas",presencial,2026-09-12,OPEN,2026-08-13 12:23:02.141,Perú,Lima,PRACTICE,NOT_STARTED,True,Quimpac SA,"Administración, Contabilidad y Finanzas"
6a7db76e1cb0488277ca4e37,nan,Practicante Contable,"Administración, Contabilidad y Finanzas",presencial,2026-09-12,OPEN,2026-08-13 12:24:14.766,Perú,Lima,PRACTICE,NOT_STARTED,True,ABASTECIMIENTOS INDUSTRIALES DEL SUR,"Administración, Contabilidad y Finanzas"
6a7db8011cb0488277ca4e69,nan,Practicante Profesional de Contabilidad,"Administración, Contabilidad y Finanzas",híbrido,2026-09-12,OPEN,2026-08-13 12:26:41.602,Perú,Lima,PRACTICE,NOT_STARTED,True,EXPERTIA,"Administración, Contabilidad y Finanzas"
6a7db8801cb0488277ca4eae,nan,Practicante Pre Profesional de contabilidad,"Administración, Contabilidad y Finanzas",presencial,2026-09-12,OPEN,2026-08-13 12:28:48.982,Perú,Lima,PRACTICE,NOT_STARTED,True,Grupo Pimentel,"Administración, Contabilidad y Finanzas"
6a7db8f21cb0488277ca4ef3,nan,Practicante Profesional de Contabilidad - Oficina Lima,"Administración, Contabilidad y Finanzas",presencial,2026-09-12,OPEN,2026-08-13 12:30:42.391,Perú,Lima,PRACTICE,NOT_STARTED,True,SIERRA SUN GROUP S.A.C.,"Administración, Contabilidad y Finanzas"
6a7db9cd1cb0488277ca4f1b,nan,Practicante de Marketing / ecommerce,"Marketing, Publicidad y Comunicación",presencial,2026-09-12,OPEN,2026-08-13 12:34:21.139,Perú,Lima,PRACTICE,NOT_STARTED,True,QUE TAL COMPRA DEL PERU S.A.C.,"Marketing, Publicidad y Comunicación"
6a7dba111cb0488277ca4f43,nan,Practicante preprofesional de marketing,"Marketing, Publicidad y Comunicación",presencial,2026-09-12,OPEN,2026-08-13 12:35:29.954,Perú,Lima,PRACTICE,NOT_STARTED,True,Empresa Farmacéutica Veterinaria,"Marketing, Publicidad y Comunicación"
6a7dba4f1cb0488277ca4f69,nan,PRACTICANTE PREPROFESIONAL DE MARKETING (Enfoque B2B),"Marketing, Publicidad y Comunicación",presencial,2026-09-12,OPEN,2026-08-13 12:36:31.443,Perú,Lima,PRACTICE,NOT_STARTED,True,PRIORISO,"Marketing, Publicidad y Comunicación"
6a7dbab41cb0488277ca4f8f,nan,Practicante Profesional de Operaciones Administrativas,"Administración, Contabilidad y Finanzas",presencial,2026-09-12,OPEN,2026-08-13 12:38:12.432,Perú,Lima,PRACTICE,NOT_STARTED,True,Epiroc Perú S.A.,"Administración, Contabilidad y Finanzas"
